AXLFLeaf1
HFDTE130826
HFFXA002
HFPLTPILOTINCHARGE:James Burgess
HFGTYGLIDERTYPE:Ozone Rush 4 ML
HFDTM100GPSDATUM:WGS84
HFRFWFIRMWAREVERSION:v0.2.1-cd5d
HFRHWHARDWAREVERSION:v3.2.6
HFFTYFRTYPE:Leaf:F0:F5:BD:54:67:A0
HFGPSTYPE:GNSS LC86G
HFPRSPRESSALTSENSOR:MS5611
HFTZNTIMEZONE:-7
I063638FXA3941GSP4244TRT4547WDI4850WSP5153VAR
B1846533727656N12151617WA0035800359003021278000000-08
B1846543727657N12151621WA0035900360003020267000000009
B1846553727656N12151625WA0035800359003020257000000-01
B1846563727654N12151626WA0035700359003012207000000-12
B1846573727651N12151625WA0035400359003013172000000-04
B1846583727650N12151621WA0035400360003019113000000-01
B1846593727651N12151614WA0035500359003027071000000019
B1847003727654N12151607WA0035700359003034061000000025
B1847013727657N12151600WA0035800359003034059000000010
B1847023727660N12151595WA0035800359003030055000000001
B1847033727662N12151590WA0035800359003025059000000000
B1847043727664N12151586WA0035800358003025067000000004
B1847053727665N12151581WA0035900358003027082000000018
B1847063727665N12151576WA0035900358003025097000000013
B1847073727664N12151572WA0035900357003021098000000-01
B1847083727663N12151570WA0035800357003009122000000-04
B1847093727661N12151571WA0035800358003006198000000000
B1847103727660N12151573WA0035800358003009233000000000
B1847113727659N12151578WA0035700357003019257000000-03
B1847123727659N12151583WA0035700357003023258000000001
B1847133727658N12151587WA0035700356003026256000000010
B1847143727656N12151592WA0035900359003025251000000022
B1847153727654N12151596WA0036000362003022252000000015
B1847163727653N12151600WA0036200364003021255000000009
B1847173727653N12151604WA0036100365003022256000000-01
B1847183727652N12151608WA0036100365003025254000000000
B1847193727651N12151613WA0036000365003024260000000-09
B1847203727650N12151617WA0036200365003026258000000005
B1847213727649N12151622WA0036200366003024253000000007
B1847223727648N12151626WA0036000366003024242000000-03
B1847233727646N12151630WA0036100365003022230000000001
B1847243727643N12151632WA0036200365003019199000000015
B1847253727640N12151632WA0036200366003019186000000012
B1847263727638N12151631WA0036400366003017170000000014
B1847273727636N12151628WA0036500368003016121000000010
B1847283727635N12151626WA0036500371003017120000000007
B1847293727634N12151622WA0036500371003018105167016002
B1847303727634N12151618WA0036500372003024085167016005
B1847313727634N12151613WA0036600372003030077167017010
B1847323727635N12151607WA0036700372003034069167017017
B1847333727638N12151601WA0036800372003034063168017008
B1847343727639N12151595WA0036900372003030073168017-04
B1847353727640N12151590WA0036800372003027083169018001
B1847363727640N12151586WA0036800372003025089169018009
B1847373727639N12151583WA0036900372003014109170018003
B1847383727637N12151583WA0036900372003008123169018005
B1847393727637N12151587WA0037000373003013262170019014
B1847403727637N12151591WA0037100373003019277173020013
B1847413727637N12151596WA0037200376003020286175020013
B1847423727638N12151600WA0037300377003021291178019007
B1847433727639N12151603WA0037400377003024300180019015
B1847443727642N12151608WA0037600379003027304182019012
B1847453727644N12151612WA0037700380003026295183018021
B1847463727645N12151617WA0037900382003024286185017016
B1847473727646N12151621WA0038000384003022283187017017
B1847483727647N12151625WA0038000386003022278189016003
B1847493727647N12151629WA0038100387008022278190015003
B1847503727648N12151632WA0038200387003019281190014012
B1847513727648N12151635WA0038300388003015278191014014
B1847523727647N12151634WA0038400389003007233190014019
B1847533727645N12151634WA0038700390003008180190014020
B1847543727644N12151633WA0038800391003004180191015019
B1847553727643N12151633WA0038900392003004180191015008
B1847563727643N12151632WA0039000393003008149189015011
B1847573727641N12151631WA0039200394003009179190016032
B1847583727639N12151633WA0039400395003014229190017026
B1847593727638N12151637WA0039700396003020251188017037
B1848003727638N12151641WA0040200397003021267188017030
B1848013727638N12151646WA0040200399003019278188017012
B1848023727640N12151648WA0040200400003011297191018-07
B1848033727641N12151649WA0040000400003007288190018-06
B1848043727641N12151647WA0040000401003010116190018006
B1848053727640N12151644WA0040000403003015108190018006
B1848063727640N12151641WA0040000404003019089190018-05
B1848073727641N12151636WA0040000404003023077189018007
B1848083727645N12151629WA0040000404003040056191018013
B1848093727649N12151622WA0040100405003040060192019010
B1848103727652N12151615WA0040200406003038067193020012
B1848113727654N12151609WA0040400407003035073192021019
B1848123727654N12151604WA0040600408003025075191021036
B1848133727653N12151601WA0040900409003014089191021025
B1848143727653N12151599WA0041100410003009091190022019
B1848153727652N12151599WA0041100411003000091189023009
B1848163727653N12151602WA0041100412003011300190023003
B1848173727653N12151605WA0041100413003013289191024002
B1848183727654N12151609WA0041100413003015277192024003
B1848193727654N12151611WA0041100413003014275192024001
B1848203727654N12151614WA0041100411003011271191024002
B1848213727654N12151616WA0041100412003009246191024003
B1848223727653N12151617WA0041200412003006196191024009
B1848233727652N12151617WA0041300413003008118191025018
B1848243727652N12151615WA0041600414003012107191025024
B1848253727651N12151613WA0042000415003014109191025031
B1848263727650N12151610WA0042200417003016111192025039
B1848273727649N12151608WA0042500419003017105192025023
B1848283727649N12151605WA0042600421003010085192025003
B1848293727649N12151604WA0042500423003008072191025-06
B1848303727649N12151605WA0042400425003005072191026-03
B1848313727650N12151608WA0042500427003014291191026006
B1848323727651N12151612WA0042500429003017289190026005
B1848333727652N12151617WA0042500429003021290190026001
B1848343727654N12151620WA0042500429003020289190026-03
B1848353727655N12151624WA0042500429003020290190026000
B1848363727656N12151628WA0042400429003019284190026004
B1848373727656N12151631WA0042500428003016279189026010
B1848383727656N12151634WA0042600430003015287190026002
B1848393727658N12151638WA0042400431003019302190026-13
B1848403727660N12151641WA0042300429003029324191026-13
B1848413727664N12151644WA0042100429003028315192025-18
B1848423727666N12151649WA0041900427003027313193025-14
B1848433727669N12151652WA0041900425004026312193025-03
B1848443727670N12151656WA0041800424003021295193025-02
B1848453727670N12151659WA0041800423003015291194024000
B1848463727670N12151660WA0041800422003010283194024-02
B1848473727668N12151659WA0041800421003000283194024006
B1848483727667N12151657WA0041800420003011120194024003
B1848493727666N12151653WA0041800420003015108194024000
B1848503727665N12151650WA0041800420003015098194024-07
B1848513727664N12151648WA0041800419003015093194024-06
B1848523727664N12151645WA0041700418003016093194024-12
B1848533727663N12151642WA0041500417003019101194024-10
B1848543727662N12151638WA0041400416003022106194023-05
B1848553727661N12151633WA0041300415003024104195023-08
B1848563727660N12151628WA0041300414003025100196023-09
B1848573727660N12151624WA0041200413003023098198023-06
B1848583727659N12151620WA0041100412003021102198022-04
B1848593727658N12151616WA0041100412003020108198022004
B1849003727657N12151612WA0041300411003019107198022015
B1849013727656N12151608WA0041400411003021098198022012
B1849023727656N12151603WA0041500414003025092198022011
B1849033727655N12151600WA0041600420003019096198022011
B1849043727654N12151597WA0041700421003013101198022009
B1849053727654N12151595WA0041800422003007111198022014
B1849063727653N12151595WA0041900423003005111198022010
B1849073727652N12151595WA0042000423003006201198023010
B1849083727652N12151596WA0041900424003009238198023-06
B1849093727651N12151598WA0041800425003013266198023-03
B1849103727652N12151603WA0041800425003027283197023005
B1849113727654N12151609WA0041800426003031294196023-02
B1849123727656N12151614WA0041900427003026291194023-05
B1849133727657N12151618WA0041800427003022276194023001
B1849143727656N12151621WA0041700427003014244194023000
B1849153727655N12151622WA0041600427003009216194022004
B1849163727653N12151620WA0041800427003012125194022009
B1849173727652N12151616WA0041800428003026091194022014
B1849183727653N12151610WA0041900428003031081194022012
B1849193727654N12151604WA0042100429003036072195022016
B1849203727655N12151598WA0042200431003035070195023007
B1849213727657N12151592WA0042100432003031074195023001
B1849223727658N12151587WA0042100432003024083194023-03
B1849233727658N12151583WA0042200432003019106194023016
B1849243727657N12151580WA0042300431003020129195023024
B1849263727651N12151576WA0042500433003023152195022026
B1849273727650N12151575WA0042700434003018147196021022
B1849283727649N12151575WA0042900435003012160197020012
B1849293727648N12151576WA0042900436003007171197019005
B1849303727647N12151575WA0043000436003008164198019008
B1849313727645N12151576WA0043100437003011196197018017
B1849323727644N12151577WA0043100438003012227198018014
B1849333727644N12151580WA0043200439003013267198018013
B1849343727645N12151584WA0043300440003019292198018007
B1849353727647N12151587WA0043200439003018293198018-05
B1849363727648N12151590WA0043200439003017271198017-13
B1849373727648N12151593WA0043100435003016271198017-02
B1849383727648N12151597WA0043200434003020263199018009
B1849393727647N12151601WA0043200433003019255199018011
B1849403727647N12151604WA0043100432003010251198017004
B1849413727646N12151605WA0043200432003010255198017003
B1849423727646N12151607WA0043400432004009254198017015
B1849433727646N12151608WA0043500431005006242198017019
B1849443727645N12151606WA0043600431003004242199018014
B1849453727645N12151603WA0043700431003009105199018016
B1849463727646N12151595WA0043900431003025081199018026
B1849473727647N12151589WA0044200431003028070197018032
B1849483727650N12151583WA0044400432003032062197018012
B1849493727654N12151578WA0044400432003039045197018-03
B1849503727660N12151573WA0044300432003042040196017009
B1849513727667N12151568WA0044600433003049032196017015
B1849523727675N12151563WA0044700434003050028196017022
B1849533727683N12151561WA0044700434003049017195018004
B1849543727690N12151561WA0044600434003046004195019-03
B1849553727696N12151564WA0044600435003034355194019-01
B1849563727698N12151568WA0044500435003020337196018001
B1849573727697N12151574WA0044500437003012267200018005
B1849583727695N12151576WA0044600440003009228200018014
B1849593727694N12151577WA0044900442003005228200018019
B1850003727693N12151578WA0045000444003003228200018013
B1850013727693N12151577WA0045100444003004228200018010
B1850023727693N12151576WA0045100445003008107201018-01
B1850033727693N12151575WA0045100446003013111200019003
B1850043727692N12151572WA0045100447003019093199019013
B1850053727692N12151569WA0045300449003020091199019020
B1850063727692N12151565WA0045400451003016095199019014
B1850073727691N12151563WA0045500452003010107197019005
B1850083727691N12151562WA0045600453003008140197020011
B1850093727690N12151561WA0045600454003008179196020010
B1850103727689N12151562WA0045800455003008238196020013
B1850113727688N12151565WA0045900456003015260196020028
B1850123727688N12151568WA0046100458003016273197020015
B1850133727688N12151571WA0046200460003016270197020005
B1850143727688N12151574WA0046200462003016267197020-01
B1850153727688N12151577WA0046100464003014260196020-08
B1850163727687N12151579WA0046000466003013248196020-13
B1850173727685N12151580WA0045800468003012225196020-08
B1850183727684N12151581WA0045800463003016239196020-08
B1850193727682N12151584WA0045800463003019248195019003
B1850203727681N12151588WA0045600462003022249195019-07
B1850213727680N12151591WA0045500462003020245194019-09
B1850223727678N12151594WA0045400461003015234193019-12
B1850233727677N12151596WA0045300460003011232193019-10
B1850243727675N12151598WA0045200458003012236193018-13
B1850253727674N12151600WA0045000457003015239193018-15
B1850263727673N12151603WA0044800455003017237193018-13
B1850273727671N12151605WA0044800454003015228193018-09
B1850283727670N12151607WA0044600453003013218193018-11
B1850293727668N12151608WA0044500452003013200193018-14
B1850303727666N12151608WA0044300450003016179193017-10
B1850313727663N12151607WA0044200449003020161192017-06
B1850323727660N12151605WA0044200448003020145194017-02
B1850333727658N12151602WA0044200448003020129194016-04
B1850343727656N12151599WA0044100447003021119195016-08
B1850353727655N12151595WA0044100446003020112196016000
B1850363727654N12151592WA0044000446003020109196016-05
B1850373727652N12151589WA0043900445003016121196015-11
B1850383727651N12151586WA0043800443003015136198015-19
B1850393727649N12151585WA0043600442003013162198015-09
B1850403727646N12151588WA0043500440003018216196015-08
B1850413727644N12151590WA0043300440003019236196015-10
B1850423727643N12151595WA0043200439003023263195015-14
B1850433727644N12151600WA0043100437003031281194015-11
B1850443727647N12151606WA0042900434003036297193015-07
B1850453727651N12151611WA0042900432003040317190015-07
B1850463727656N12151616WA0042700430003044323188015-12
B1850473727663N12151620WA0042600429003046336186016-14
B1850483727670N12151620WA0042400428003047352186016-16
B1850493727678N12151620WA0042200426003047357186016-20
B1850503727685N12151621WA0042100424003047351186017-14
B1850513727693N12151623WA0041900422003047346186017-09
B1850523727700N12151624WA0041700421003048347186017-13
B1850533727707N12151626WA0041700420003049349185017-09
B1850543727715N12151628WA0041600419003049346185018-11
B1850553727722N12151631WA0041500417003048341185018-10
B1850563727728N12151634WA0041400416003047332185018-13
B1850573727735N12151639WA0041200415003048323183018-09
B1850583727740N12151645WA0041100414003048320183018-04
B1850593727746N12151651WA0041200414003046317181018000
B1851003727750N12151657WA0041100414003040310180018-04
B1851013727753N12151663WA0041100413003035296177018-05
B1851023727755N12151669WA0041000412003031283177018-05
B1851033727755N12151674WA0040800411003027271177018-09
B1851043727756N12151679WA0040700410003025275177018-13
B1851053727756N12151684WA0040500409003029277177018-26
B1851063727757N12151690WA0040300407003032283177018-24
B1851073727759N12151696WA0040000405003035290177018-24
B1851083727761N12151702WA0039800403003040295176018-21
B1851093727764N12151709WA0039600402003040293176018-12
B1851103727764N12151716WA0039600401003033284176018-07
B1851113727765N12151722WA0039500400003025270176018001
B1851123727765N12151726WA0039600400003018260176018-02
B1851133727764N12151729WA0039700399003016256176019003
B1851143727764N12151732WA0039600399003017252177019002
B1851153727763N12151735WA0039500399003018252177019-07
B1851163727762N12151738WA0039300398003019261177019-14
B1851173727762N12151742WA0039200397003024270178019-15
B1851183727762N12151747WA0039100396003029278178019-11
B1851193727764N12151753WA0038900395003032286177019-11
B1851203727765N12151758WA0038700394003031289178019-18
B1851213727766N12151763WA0038600393003026285178019-13
B1851223727767N12151768WA0038400392003023275178019-17
B1851233727767N12151772WA0038400390003020265178018-19
B1851243727766N12151776WA0038100388003020249178018-15
B1851253727764N12151778WA0037900386003019219178018-08
B1851263727761N12151779WA0037800384003022197178018-03
B1851273727757N12151779WA0037900385003020181177018007
B1851283727754N12151779WA0037900385003017182176018006
B1851293727752N12151780WA0037800385003015178176018-06
B1851303727749N12151779WA0037700384003016166176018-14
B1851313727747N12151778WA0037500382003019158176018-11
B1851323727744N12151777WA0037400381003021167176017-06
B1851333727741N12151776WA0037400380003020180176017-07
B1851343727738N12151776WA0037200378003018183176017-09
B1851353727735N12151776WA0037100377003017181176017-16
B1851363727732N12151776WA0037000376003017170176017-13
B1851373727729N12151775WA0036800374003019165176017-15
B1851383727726N12151774WA0036600372003022163176017-21
B1851393727723N12151773WA0036500370003023167178017-13
B1851403727720N12151772WA0036200368003022168178017-11
B1851413727716N12151770WA0036200366003022165177016-14
B1851423727713N12151769WA0036000365003022165177016-08
B1851433727710N12151768WA0036000364003022175177016-08
B1851443727706N12151768WA0036000363003022186177016008
B1851453727703N12151769WA0036000363003023191177015007
B1851463727699N12151770WA0036000364003021192177015001
B1851473727697N12151771WA0036000363003018199177015-05
B1851483727694N12151772WA0036200364003015213177016010
B1851493727693N12151774WA0036200363003013225177016-02
B1851503727691N12151776WA0036200363003014220177016-09
B1851513727689N12151778WA0036000362003017215178017-07
B1851523727687N12151781WA0036000362003021226178017011
B1851533727685N12151785WA0036000362003023230178017009
B1851543727683N12151789WA0036100362003022252178017004
B1851553727683N12151794WA0036200363003024269178017002
B1851563727683N12151799WA0036200366003027271178017004
B1851573727683N12151804WA0036200366003028263176017011
B1851583727682N12151809WA0036300365003024250176017008
B1851593727680N12151813WA0036300365003019229175017007
B1852003727678N12151815WA0036400366003016206175016-01
B1852013727676N12151816WA0036300366003013193175016-02
B1852023727674N12151816WA0036200366003014179175017-09
B1852033727672N12151815WA0036200367003016167175017003
B1852043727671N12151810WA0036300367003023108175017013
B1852053727671N12151804WA0036300367003032080175017020
B1852063727672N12151797WA0036500367003033072176017018
B1852073727675N12151792WA0036700367003033056175017017
B1852083727678N12151787WA0036800368003030056175017000
B1852093727680N12151782WA0036700368003030062174017-07
B1852103727681N12151776WA0036600368003029085175017000
B1852113727680N12151771WA0036700368003027105176016012
B1852123727679N12151767WA0036700368003023121176016002
B1852133727676N12151765WA0036700370003016148176016003
B1852143727673N12151766WA0036800371003017195176016013
B1852153727671N12151767WA0037000371003016218176017027
B1852163727670N12151770WA0037200372003018252176017023
B1852173727669N12151775WA0037400374003023262178017022
B1852183727669N12151779WA0037600376003026281178017015
B1852193727671N12151785WA0037700378003030295178017016
B1852203727674N12151790WA0037800379003035308177016017
B1852213727678N12151795WA0037900380003036319180016011
B1852223727684N12151799WA0038000382003043332180016009
B1852233727691N12151801WA0038000384003041345180016006
B1852243727697N12151800WA0038100385003037011180015004
B1852253727703N12151797WA0038100386003037017179015004
B1852263727706N12151793WA0038100387003029042177015000
B1852273727706N12151786WA0038100388003029077177014009
B1852283727706N12151780WA0038100389003028090177014011
B1852293727705N12151776WA0038300390003023099177015014
B1852303727703N12151772WA0038400392003020109176015018
B1852313727700N12151769WA0038600393003021130176015016
B1852323727698N12151765WA0038600394003024118176015009
B1852333727696N12151761WA0038600393003025117176015-01
B1852343727694N12151757WA0038600392003021123176015-04
B1852353727692N12151754WA0038600392003018141176015-02
B1852363727689N12151753WA0038600391003016161176015007
B1852373727687N12151752WA0038600391003015167176015010
B1852383727685N12151751WA0038600391003012161176015002
B1852393727684N12151751WA0038600392003008142176016-03
B1852403727683N12151750WA0038600391003007124175016-08
B1852413727682N12151748WA0038400391003009132175016-08
B1852423727681N12151747WA0038300390003013140175016-11
B1852433727679N12151745WA0038100390003016141175016-12
B1852443727677N12151744WA0038000389003020150175016-08
B1852453727674N12151742WA0038000388003019159175016011
B1852463727672N12151741WA0038100387003019161175016012
B1852473727669N12151740WA0038100387003014168176015-04
B1852483727668N12151740WA0038100386003009167176015-06
B1852493727667N12151740WA0038100385003009157176016-09
B1852503727665N12151739WA0037900384003015145176016002
B1852513727663N12151737WA0038200385003019140176016023
B1852523727661N12151735WA0038200384003017143176016021
B1852533727660N12151733WA0038200383003011140176016-03
B1852543727659N12151732WA0038100383003006138175016-12
B1852553727658N12151731WA0038000382003008131175016-16
B1852563727657N12151731WA0037800381003010153175016-16
B1852573727656N12151731WA0037600380003013173175016-11
B1852583727654N12151733WA0037500379003016203175017-07
B1852593727651N12151735WA0037400379003018219175017001
B1853003727649N12151738WA0037400380003017237175017-04
B1853013727649N12151741WA0037400380003017262176017-05
B1853023727648N12151745WA0037300379003019275176017-07
B1853033727649N12151749WA0037100378003020273178017-12
B1853043727649N12151753WA0037100377003022275179017000
B1853053727649N12151758WA0037200377003024280179017013
B1853063727650N12151763WA0037500376003026284179017018
B1853073727651N12151767WA0037400376003025287179017007
B1853083727652N12151771WA0037400377003019293180017-02
B1853093727654N12151774WA0037400376003016295181017-11
B1853103727654N12151777WA0037200376003014286181017-15
B1853113727655N12151779WA0037000375003013277181018-12
B1853123727654N12151780WA0037000375003011252182018-03
B1853133727651N12151781WA0036900373003016213182018004
B1853143727648N12151782WA0036900375003018207182018-01
B1853153727645N12151784WA0036900375003019205182018003
B1853163727643N12151785WA0036900375003019209182018004
B1853173727641N12151787WA0037000375003018225182017001
B1853183727639N12151790WA0036900376003018250181017-05
B1853193727639N12151794WA0036800375003020272181017-07
B1853203727639N12151798WA0036700375003024284181017-08
B1853213727641N12151802WA0036600374003028293182017-02
B1853223727643N12151808WA0036500374003032298184017-10
B1853233727645N12151813WA0036500373003035302184017008
B1853243727647N12151819WA0036700374003033300184017007
B1853253727649N12151825WA0036800375003029289184017011
B1853263727650N12151829WA0036900376003024271182017012
B1853273727649N12151833WA0037000377003022247181017011
B1853283727647N12151836WA0037000377003019229180017011
B1853293727645N12151838WA0037200378003016222180017016
B1853303727643N12151840WA0037400379003020221180017017
B1853313727640N12151843WA0037500380003025228180017020
B1853323727638N12151847WA0037700382003025253179017025
B1853333727637N12151852WA0037900385003028266177016014
B1853343727638N12151857WA0037900386003033303177016012
B1853353727642N12151862WA0037800387003034314177016012
B1853363727646N12151866WA0037900388003041331179016000
B1853373727651N12151870WA0037900389003035323179016-16
B1853383727655N12151874WA0037500390003030306179015-26
B1853393727657N12151878WA0037600390003026301180015008
B1853403727656N12151881WA0037600391003018272180016018
B1853413727653N12151882WA0037700391003013189181016008
B1853423727650N12151881WA0037600392003012153180016005
B1853433727648N12151877WA0037700392003017116180016-03
B1853443727647N12151874WA0037600393003019108180016002
B1853453727646N12151870WA0037500392003020109180016-05
B1853463727645N12151866WA0037600392003024103180016002
B1853473727645N12151861WA0037500391003030095180016004
B1853483727645N12151853WA0037500390003037084181016005
B1853493727646N12151846WA0037700389003037085183016009
B1853503727645N12151839WA0037800393003039090184016023
B1853513727645N12151832WA0038100394003036098186016025
B1853523727645N12151825WA0038200396003036091188016017
B1853533727645N12151818WA0038400398003037081188016011
B1853543727646N12151811WA0038400399003036076188016-03
B1853553727647N12151804WA0038300399003035082188016-05
B1853563727648N12151798WA0038100400003034091188016-01
B1853573727647N12151791WA0038100400003037098188016-04
B1853583727646N12151784WA0038700401003038101188016037
B1853593727646N12151777WA0038900401003036097189016049
B1854003727646N12151770WA0039100403003035088188016023
B1854013727647N12151763WA0039300404003033077188016009
B1854023727648N12151758WA0039400405003032082188016-02
B1854033727648N12151752WA0039300405003032088187016003
B1854043727648N12151746WA0039300405003031097185016006
B1854053727646N12151740WA0039400406003034109185016012
B1854063727645N12151734WA0039500408003035103185016011
B1854073727644N12151728WA0039400408003034097187016-09
B1854083727643N12151722WA0039400408003033095187016-05
B1854093727643N12151715WA0039500407003034099188015011
B1854103727642N12151709WA0039600407003036104189015019
B1854113727640N12151703WA0039900407003034104188015028
B1854123727640N12151696WA0040100407003032098188015022
B1854133727640N12151690WA0040300408003033092188015017
B1854143727641N12151684WA0040300408003034079187016009
B1854153727642N12151678WA0040400409003033077187016008
B1854163727643N12151672WA0040500410003031086185016008
B1854173727643N12151666WA0040600410003028098184016014
B1854183727642N12151661WA0040800411003025105184016026
B1854193727642N12151656WA0040900412003025094183016013
B1854203727642N12151651WA0040900412003026079181016-01
B1854213727643N12151647WA0040900413003027079181016-14
B1854223727644N12151642WA0040800414003025092180016-07
B1854233727643N12151638WA0040700414003022100180016008
B1854243727642N12151637WA0040800414003009135180016018
B1854253727640N12151638WA0040800415003007202180017012
B1854263727639N12151641WA0041000416003009277180017012
B1854273727639N12151644WA0041100419003011292181017011
B1854283727641N12151646WA0041100420003015325184017-01
B1854293727643N12151648WA0041100421003024336186017007
B1854303727647N12151651WA0041200421003027326189017005
B1854313727650N12151655WA0041200421003027312189016009
B1854323727651N12151659WA0041200421003023305190016011
B1854333727653N12151663WA0041400421003022301190016005
B1854343727653N12151666WA0041400421003015286191017016
B1854353727653N12151668WA0041700422003010272192017013
B1854363727653N12151670WA0041700423003010259193018016
B1854373727653N12151672WA0041800423003009236194018010
B1854383727652N12151672WA0042000424003008192193019016
B1854393727650N12151672WA0042100425003009154194018013
B1854403727649N12151671WA0042100425003012141194018007
B1854413727648N12151668WA0042000426003016115194018-06
B1854423727647N12151661WA0041900426003028092194018-09
B1854433727647N12151655WA0041900426003030089195018-05
B1854443727647N12151649WA0041800425003032093195018-03
B1854453727647N12151642WA0041900424003034094198018013
B1854463727647N12151635WA0042000424003038092199018016
B1854473727647N12151627WA0042300425003041092200018021
B1854483727646N12151618WA0042400426003045094202018032
B1854493727646N12151609WA0042600426003043094205018014
B1854503727646N12151601WA0042700427003039092206018007
B1854513727646N12151594WA0042700428003032091205018001
B1854523727645N12151588WA0042800428003030098205018000
B1854533727645N12151583WA0042800425003027111204018010
B1854543727643N12151579WA0042800425003028129204017022
B1854553727640N12151575WA0043000425003029147206017011
B1854563727637N12151572WA0043200426003024145207017012
B1854573727634N12151570WA0043300428003022143209016015
B1854583727631N12151567WA0043400430003022141209016019
B1854593727629N12151564WA0043600431003022142211015024
B1855003727626N12151562WA0043900433003019139210016027
B1855013727624N12151560WA0044200435003015133208016029
B1855023727623N12151557WA0044400437003012117207017024
B1855033727623N12151555WA0044700439003014094204017018
B1855043727623N12151552WA0044800441003014081201017013
B1855053727623N12151550WA0044900443003012082198017006
B1855063727624N12151550WA0045000444003000082197018020
B1855073727623N12151551WA0045200446003000082198019029
B1855083727624N12151553WA0045400446003016303199019020
B1855093727627N12151557WA0045600448003030324198019014
B1855103727631N12151560WA0045700450003030323197019016
B1855113727637N12151563WA0045900450003038332198019027
B1855123727643N12151567WA0046100451003050341199019023
B1855133727651N12151568WA0046200452003053355199019012
B1855143727659N12151566WA0046300453003055019198019010
B1855153727667N12151561WA0046500455003056031199020014
B1855163727673N12151553WA0046600456003054043200020015
B1855173727677N12151545WA0046800458003047055201021015
B1855183727678N12151537WA0046900459003038084203021016
B1855193727678N12151530WA0047000461003036089203021019
B1855203727676N12151525WA0047200462003025099202021033
B1855213727674N12151522WA0047500464003018109201021027
B1855223727672N12151521WA0047700475003014115201022014
B1855233727671N12151518WA0047800478003013094199022012
B1855243727671N12151516WA0047800480003012091198022002
B1855253727671N12151514WA0047900481003010116198022008
B1855263727669N12151513WA0047800480003011165198023007
B1855273727668N12151513WA0047700480003011190198022-11
B1855283727666N12151516WA0047700479003015225198022-02
B1855293727664N12151519WA0047800479003020242198022013
B1855303727663N12151523WA0047900479003022250197021015
B1855313727661N12151527WA0047900479003017244196021011
B1855323727660N12151530WA0047900480003012240196021-05
B1855333727660N12151532WA0047900480003011236196021-01
B1855343727659N12151534WA0047800480003012260195021-07
B1855353727659N12151537WA0047700479003015274195021-01
B1855363727660N12151540WA0047700478003022277195021-03
B1855373727660N12151545WA0047700478003027277194020005
B1855383727660N12151551WA0047700478003028276194021010
B1855393727660N12151556WA0047800479003028274194021015
B1855403727660N12151562WA0048100479003028279193021026
B1855413727661N12151567WA0048200480003030283192020018
B1855423727662N12151573WA0048500482003031291190020021
B1855433727664N12151578WA0048700483003027289190020028
B1855443727665N12151583WA0049000485003025279190020026
B1855453727665N12151588WA0049200488003025281191021024
B1855463727666N12151593WA0049400490003030293190020018
B1855473727669N12151598WA0049500491003033309189020018
B1855483727675N12151602WA0049600492003042334189020021
B1855493727682N12151604WA0049700494003042344189020015
B1855503727689N12151603WA0050000496003041004189020022
B1855513727695N12151597WA0050300498003044031189020031
B1855523727701N12151591WA0050600500003041039189020027
B1855533727705N12151585WA0050800502003036042189020019
B1855543727706N12151580WA0050900505003029054190020012
B1855553727707N12151574WA0051100507003028074190020025
B1855563727706N12151568WA0051400509003031088192019048
B1855573727706N12151562WA0051700512003028095193019040
B1855583727705N12151556WA0052000513003022096192019024
B1855593727704N12151554WA0052200515003010111192019021
B1856013727702N12151555WA0052300516003006203192019021
B1856023727701N12151558WA0052600519003010234192019028
B1856033727700N12151563WA0052900521003015247192019033
B1856043727701N12151568WA0053000524003021266193019030
B1856053727705N12151574WA0053200527003025290193019018
B1856063727711N12151577WA0053400529003033318193019009
B1856073727716N12151578WA0053400531003034341192019006
B1856083727723N12151578WA0053500532003035354192018011
B1856093727730N12151577WA0053600534003041004192019025
B1856103727738N12151573WA0053800536003053011193020022
B1856113727745N12151567WA0054000538003057028194020022
B1856123727751N12151560WA0054400540003055037194020033
B1856133727754N12151553WA0054600543003049048194020031
B1856143727754N12151547WA0054900546003042057193020023
B1856153727754N12151544WA0055100548003028078192019025
B1856163727752N12151542WA0055300550003021090192020020
B1856173727750N12151539WA0055600553003018116192020034
B1856183727748N12151536WA0055800557003019121192019029
B1856193727746N12151535WA0056000560003017135192019020
B1856203727745N12151536WA0056200562003012172192019024
B1856213727743N12151538WA0056500564003013215192019024
B1856223727742N12151542WA0056700567003018240192019028
B1856233727742N12151547WA0056900570003020253192019028
B1856243727745N12151551WA0057100572003023281192019021
B1856253727750N12151555WA0057300574003026303192019022
B1856263727757N12151557WA0057400576003036334193019019
B1856273727765N12151557WA0057500578003043347193019013
B1856283727772N12151554WA0057700580003046000193019014
B1856293727779N12151547WA0057800582003049019193019021
B1856303727785N12151541WA0058100584003050038194019034
B1856313727789N12151534WA0058600586003045046193019048
B1856323727790N12151528WA0059000590003030063194019035
B1856333727791N12151523WA0059400593003025071194019034
B1856343727791N12151520WA0059700600003019078193019038
B1856353727791N12151516WA0060100605003015086192019042
B1856363727791N12151514WA0060400608003010104192020038
B1856373727790N12151513WA0060700612003006143192020036
B1856383727789N12151512WA0061000614003010129192020030
B1856393727788N12151510WA0061300618003012116192019031
B1856403727787N12151508WA0061600621003008134192020032
B1856413727786N12151508WA0061800623003008160192020019
B1856423727785N12151508WA0062000626003008190190020023
B1856433727784N12151512WA0062300629003014264190020042
B1856443727785N12151516WA0062700632003020298191020059
B1856453727790N12151521WA0063200635003029327192020042
B1856463727794N12151524WA0063600638003032336192020034
B1856473727801N12151525WA0063800641003037352193020018
B1856483727808N12151524WA0064000644003043005192020023
B1856493727815N12151522WA0064200647003044016192020024
B1856503727822N12151516WA0064300649003048036193020020
B1856513727827N12151509WA0064500651003052054192019027
B1856523727831N12151501WA0064900654003052062195020046
B1856533727835N12151492WA0065300658003046070196020037
B1856543727836N12151485WA0065500661003041077197020020
B1856553727837N12151478WA0065700662003036083197020010
B1856563727837N12151475WA0065600663003026088199020-01
B1856573727836N12151474WA0065600658003014093199020013
B1856583727835N12151474WA0065800659003009180200020019
B1856593727833N12151477WA0066100663003016211200020033
B1857003727831N12151479WA0066200666003015217200020022
B1857013727829N12151481WA0066500668003011209199020025
B1857023727828N12151482WA0066700670003009177200020019
B1857033727826N12151482WA0066800672003012156200020016
B1857043727824N12151480WA0067100674003017145200020029
B1857053727821N12151478WA0067300676003021142200020039
B1857063727819N12151475WA0067600678003019137202019031
B1857073727817N12151473WA0067900680003013138202019023
B1857083727816N12151472WA0068000682003009152202019015
B1857093727814N12151472WA0068100684003009162202019007
B1857103727813N12151472WA0068200685003011176202019012
B1857113727811N12151472WA0068300686003014179202019014
B1857123727809N12151472WA0068400688003014194202019022
B1857133727807N12151473WA0068600690003013205202019021
B1857143727805N12151474WA0068800692003012213202019018
B1857153727804N12151475WA0068900694003011195203019017
B1857163727802N12151475WA0069200696003013173203019019
B1857173727800N12151475WA0069300698003015172203019021
B1857183727797N12151475WA0069500700003015185203019021
B1857193727795N12151475WA0069700702003015196203019019
B1857203727793N12151476WA0069900705003015200203019020
B1857213727791N12151477WA0070100706003015201203018018
B1857223727789N12151479WA0070100708003013203202018004
B1857233727787N12151480WA0070100709003015214202018-04
B1857243727785N12151482WA0070000709003019217202018-09
B1857253727782N12151485WA0069900710003023223202018-05
B1857263727780N12151490WA0069800710003029232201018-01
B1857273727777N12151494WA0069900710003028234201017004
B1857283727775N12151499WA0069900711003024238201017006
B1857293727773N12151503WA0069900711003022241200017-01
B1857303727772N12151506WA0069900710003019240200017-06
B1857313727771N12151509WA0069800709003019230199016-07
B1857323727769N12151512WA0069700708003020218199016-07
B1857333727766N12151514WA0069600707003022209200016-09
B1857343727763N12151516WA0069400706003024213200016-12
B1857353727761N12151519WA0069400705003024222199016-08
B1857363727758N12151522WA0069300704003021234199016-04
B1857373727757N12151525WA0069300703003017243200016005
B1857383727756N12151528WA0069400703003016255199016005
B1857393727756N12151530WA0069300702003011262199016-07
B1857403727756N12151533WA0069200702003010267199016-16
B1857413727756N12151535WA0069100701003012252201017-14
B1857423727756N12151537WA0069000700003017250201017002
B1857433727754N12151540WA0069000699003018238202017003
B1857443727753N12151542WA0068900700003015232202017003
B1857453727751N12151545WA0068900700003012235202017-05
B1857463727751N12151546WA0069000699003011251201018002
B1857473727751N12151548WA0068900699003011262202018-03
B1857483727750N12151550WA0068900698003011257202018-04
B1857493727750N12151552WA0068800697003010236202018-07
B1857503727749N12151554WA0068700696003011218202018-08
B1857513727748N12151555WA0068600695003013218203019-09
B1857523727746N12151557WA0068600694003012225203019-03
B1857533727745N12151558WA0068500694003011231203019-09
B1857543727744N12151560WA0068300693003011231203020-13
B1857553727743N12151562WA0068200691003012228203020-15
B1857563727742N12151564WA0068000690003014231203019-13
B1857573727741N12151566WA0067800688003015236203019-15
B1857583727740N12151569WA0067700687003016240202019-20
B1857593727738N12151571WA0067700685003017240202019-16
B1858003727737N12151574WA0067500684003017237203019-06
B1858013727736N12151577WA0067300682003017234203019-10
B1858023727734N12151579WA0067100681003017228202019-10
B1858033727733N12151581WA0066900680003015223202018-31
B1858043727731N12151583WA0066700678003014216202018-17
B1858053727729N12151584WA0066700677003013213202018-16
B1858063727728N12151586WA0066500675003015214203018-12
B1858073727726N12151587WA0066500673003017214203018-08
B1858083727723N12151589WA0066200672003016204203018-09
B1858093727721N12151590WA0066200671003014188203018-13
B1858103727719N12151590WA0066000670003012179203018-10
B1858113727717N12151590WA0065900668003012191203018-15
B1858123727716N12151591WA0065800666003016216203018-09
B1858133727714N12151593WA0065600664003017232203018-08
B1858143727713N12151596WA0065500663003018246203018-10
B1858153727712N12151599WA0065400662003019262202018-14
B1858163727712N12151603WA0065200660003021267202018-17
B1858173727712N12151608WA0065100658003024276202018-04
B1858183727712N12151612WA0065200657003028278200018004
B1858193727713N12151618WA0065200656003029282200018006
B1858203727715N12151623WA0065200656003029291200018-05
B1858213727716N12151629WA0065000655003029286200018-15
B1858223727717N12151634WA0065000653003029279199018-15
B1858233727718N12151640WA0064700651003031272199018-16
B1858243727718N12151647WA0064600650003037267197017-10
B1858253727718N12151653WA0064500649003034269196017-05
B1858263727718N12151660WA0064400649003034277195017-06
B1858273727719N12151666WA0064400649003034287194017-09
B1858283727721N12151672WA0064200648003033293194017-16
B1858293727723N12151678WA0063900647003033288194017-30
B1858303727725N12151684WA0063500646003033285191017-41
B1858313727726N12151690WA0063100644003032278191017-39
B1858323727727N12151697WA0062900641003035278190016-20
B1858333727727N12151704WA0062700641003039276189016002
B1858343727727N12151712WA0062700640003036274189016006
B1858353727728N12151718WA0062600639003031274189016-08
B1858363727728N12151724WA0062500638003027269190016-20
B1858373727728N12151729WA0062300636003027259190016-18
B1858383727726N12151734WA0062200634003032250190016-05
B1858393727724N12151740WA0062000633003034246190016-05
B1858403727722N12151746WA0061900632003033251191016-09
B1858413727721N12151751WA0061800631003029255191016-11
B1858423727720N12151757WA0061700629003029256191016-15
B1858433727719N12151763WA0061400627003032255189016-20
B1858443727718N12151769WA0061300625003034256189015-17
B1858453727717N12151775WA0061200623003037261189016-08
B1858463727716N12151782WA0061000621003038265188016-12
B1858473727715N12151789WA0060900620003039267187016-08
B1858483727715N12151797WA0060900619003040269185016003
B1858493727715N12151805WA0061100618003042271185016025
B1858503727715N12151812WA0061400618003040274184016024
B1858513727716N12151818WA0061500618003032276185016009
B1858523727716N12151823WA0061500617003029269185016-08
B1858533727716N12151828WA0061400617003028262188016-05
B1858543727715N12151834WA0061400617003030262189016-03
B1858553727715N12151839WA0061300617003031268190016000
B1858563727715N12151845WA0061200616003031273191017-06
B1858573727715N12151851WA0061100616003032271192016-11
B1858583727716N12151857WA0061000615003033269192016-09
B1858593727715N12151863WA0061000614003034267190016-02
B1859003727715N12151869WA0061000614003031262190016-01
B1859013727714N12151874WA0061000614003027251190016001
B1859023727712N12151878WA0060900614003024238190016-02
B1859033727709N12151881WA0060900614003021224190016001
B1859043727707N12151883WA0060800614003018206191016-01
B1859053727704N12151883WA0060900614003018187191016-03
B1859063727701N12151884WA0060700613003019178191015-18
B1859073727698N12151883WA0060500612003017160191015-16
B1859083727696N12151881WA0060300612003017145191015-21
B1859093727694N12151878WA0060000611003019131191015-23
B1859103727693N12151874WA0059900608003022115192015-08
B1859113727692N12151869WA0059800607003024099192015-12
B1859123727692N12151864WA0059600605003026083192015-11
B1859133727694N12151858WA0059500604003031069190015-12
B1859143727696N12151852WA0059400603003033064190015-15
B1859153727698N12151846WA0059300601003034066190015-11
B1859163727700N12151840WA0059100599003031071189015-09
B1859173727702N12151834WA0059000598003029075186014-13
B1859183727703N12151829WA0058900597003027079183014-16
B1859193727703N12151824WA0058700595003027078183014-14
B1859203727705N12151819WA0058600594003029075181014-14
B1859213727706N12151813WA0058400592003033072180014-13
B1859223727708N12151806WA0058300591003037070182014-12
B1859233727710N12151800WA0058100590003038072183014-12
B1859243727711N12151793WA0058100588003036077183014-06
B1859253727712N12151787WA0058000588003032084185014-03
B1859263727712N12151781WA0057900587003026090185014-13
B1859273727712N12151777WA0057700585003022094185014-18
B1859283727711N12151773WA0057500584003022097185014-23
B1859293727711N12151770WA0057200582003021110185014-24
B1859303727709N12151766WA0056900579003020121185014-24
B1859313727707N12151764WA0056700577003018145185014-19
B1859323727704N12151764WA0056400575003018177185013-13
B1859333727701N12151765WA0056400573003018187185013-12
B1859343727698N12151766WA0056300572003018192185013-08
B1859353727696N12151767WA0056200571003016177185013-10
B1859363727693N12151766WA0056000570003018167185013-13
B1859373727690N12151766WA0055900569003019166185013-14
B1859383727688N12151765WA0055700567003020163185013-14
B1859393727685N12151764WA0055600566003020159185013-15
B1859403727682N12151762WA0055400564003022153185013-15
B1859413727679N12151760WA0055200562003022149185012-13
B1859423727676N12151758WA0055000560003021148185012-20
B1859433727674N12151756WA0054800559003021149185012-23
B1859443727671N12151754WA0054600557003022145185012-18
B1859453727668N12151751WA0054600555003023130185012-13
B1859463727667N12151747WA0054300554003026115187012-18
B1859473727665N12151742WA0054100551003029105187012-12
B1859483727666N12151736WA0054000550003030087187012-07
B1859493727667N12151728WA0054000548003035074188012-07
B1859503727670N12151721WA0053900547003038065190012-11
B1859513727674N12151714WA0053700545003039057190012-20
B1859523727677N12151708WA0053300544003040058190012-29
B1859533727682N12151701WA0053100542003044055190013-27
B1859543727686N12151693WA0053000540003047060191013-10
B1859553727689N12151685WA0052900539003046064193013-05
B1859563727692N12151677WA0052600537003043063194013-17
B1859573727695N12151670WA0052300535003042059194013-36
B1859583727699N12151663WA0052000533003043058196013-35
B1859593727703N12151656WA0052000531003046060196013-11
B1900003727706N12151648WA0051600528003048063196013-12
B1900013727709N12151640WA0051300526003049073197014-21
B1900023727711N12151631WA0051300524003049074198014-03
B1900033727712N12151622WA0051300524003043082200014006
B1900043727712N12151615WA0051300524003040079202014-01
B1900053727714N12151608WA0051300523003037072202014-06
B1900063727716N12151601WA0051200522003034072199013-03
B1900073727717N12151595WA0051100522003032080200013-03
B1900083727717N12151590WA0051000521003030090201013001
B1900093727715N12151587WA0051100519003017115199013004
B1900103727714N12151586WA0051000519003010122198014-07
B1900113727713N12151585WA0050800518003007105198014-13
B1900123727713N12151584WA0050700517003008104195015-19
B1900133727712N12151583WA0050500515003009133195015-18
B1900143727711N12151582WA0050300512003011167196016-08
B1900153727709N12151583WA0050200511003011179196016-02
B1900163727707N12151583WA0050100510003008196196016-05
B1900173727707N12151584WA0050100510003005196196017-08
B1900183727706N12151585WA0050000509003008222196017-10
B1900193727705N12151586WA0049900508003009225197018-05
B1900203727704N12151588WA0049800507003011230197018-05
B1900213727703N12151590WA0049800506003011244198018001
B1900223727702N12151592WA0049800506003012247198018010
B1900233727701N12151594WA0049900506003012251201018007
B1900243727701N12151596WA0049900505003009261201019009
B1900253727700N12151597WA0050000505003000261202019-01
B1900263727700N12151598WA0049900505003000261203020-07
B1900273727700N12151598WA0049800505003000261202020-09
B1900283727700N12151599WA0049600504003009254204020-14
B1900293727700N12151601WA0049600503003014262205021-09
B1900303727700N12151604WA0049500503003019281205021007
B1900313727701N12151609WA0049600502003021295205021025
B1900323727703N12151614WA0049900502003024293205021018
B1900333727704N12151618WA0050100502003022290204021024
B1900343727705N12151620WA0050400503003010290205021019
B1900353727705N12151621WA0050500503003005290205021018
B1900363727705N12151622WA0050700504003005290206022015
B1900373727703N12151622WA0050700505003010183206022017
B1900383727701N12151621WA0050900506003015160206021019
B1900393727698N12151620WA0051100510003020144206021019
B1900403727696N12151617WA0051200513003021134207021011
B1900423727692N12151610WA0051100516003025120207021-04
B1900433727690N12151606WA0051100517003029120208020-05
B1900443727687N12151601WA0051000518003033122209020-02
B1900453727685N12151595WA0051000519003033112210020002
B1900463727684N12151589WA0051000520003033112211020002
B1900473727683N12151582WA0051000520003035092211020001
B1900483727684N12151575WA0050800520003037086212020-09
B1900493727685N12151567WA0050900520003041077211020-03
B1900503727687N12151559WA0050900520003043074211020016
B1900513727689N12151550WA0051000520003045071210020006
B1900523727691N12151542WA0051100521003044077211020006
B1900533727692N12151534WA0051100521003044085211020009
B1900543727692N12151526WA0051200522003043094212020018
B1900553727691N12151518WA0051400522003038093213020018
B1900563727689N12151513WA0051500523003027110213020014
B1900573727688N12151509WA0051600524003022113212020013
B1900583727686N12151507WA0051700525003015114211020006
B1900593727686N12151505WA0051800525003010105211020014
B1901003727685N12151504WA0051900525003005105210021009
B1901013727685N12151504WA0052000526003004105210021012
B1901023727685N12151506WA0052100526003008249210022009
B1901033727685N12151510WA0052000527003018275211022008
B1901043727688N12151515WA0052000527003030303209021000
B1901053727693N12151520WA0052000528003039325210022000
B1901063727699N12151524WA0051900528003041339210022-08
B1901073727705N12151526WA0051900527003039344209022-03
B1901083727712N12151527WA0051900526003047355209022-01
B1901093727720N12151528WA0051800526003051001208022010
B1901103727728N12151525WA0051800526003054016208022001
B1901113727736N12151521WA0051900527003054025208022007
B1901123727743N12151516WA0051900527003049035208022-04
B1901133727749N12151511WA0051900525003045033207022-01
B1901143727755N12151506WA0051900525003046027207022006
B1901153727762N12151502WA0051900524003051028207022018
B1901163727769N12151497WA0052100524003052034207022021
B1901173727775N12151491WA0052300523003050039207022023
B1901183727781N12151484WA0052500524003050040207022019
B1901193727787N12151478WA0052600526003049035207022011
B1901203727793N12151473WA0052700527003050029207023019
B1901213727800N12151469WA0052900529003054026207023022
B1901223727807N12151465WA0053100531003054024206023022
B1901233727815N12151461WA0053300533003050021207023019
B1901243727821N12151458WA0053400535003046016207023011
B1901253727828N12151456WA0053500536003046013208022013
B1901263727835N12151455WA0053500537003044006208022013
B1901273727839N12151459WA0053600538003037344207022017
B1901283727842N12151463WA0053900541003027320209023024
B1901293727843N12151468WA0054000542003016284209023019
B1901303727843N12151470WA0054300544003009264209023031
B1901313727842N12151471WA0054700548003004264209023036
B1901323727842N12151472WA0054900547003004264209023029
B1901333727842N12151473WA0055100549003003264209022017
B1901343727843N12151473WA0055200548003000264209023007
B1901353727841N12151472WA0055400550003008158209023028
B1901363727839N12151471WA0055600551003012159209022031
B1901373727837N12151471WA0055900553003009176210022027
B1901383727836N12151470WA0056200555003006172210022031
B1901393727835N12151469WA0056400555003009133209022015
B1901403727834N12151468WA0056300556003012123208022002
B1901413727832N12151465WA0056400557003015129207023003
B1901423727831N12151461WA0056300559003021113207023005
B1901433727830N12151454WA0056300560003027102207023-09
B1901443727830N12151448WA0056100560003027099207023-20
B1901453727830N12151442WA0055900551003025097205022-27
B1901463727829N12151438WA0055600549003024090204022-18
B1901473727828N12151436WA0055400547003011140203022-10
B1901483727826N12151435WA0055300546003008161203022-12
B1901493727825N12151438WA0055100545003012235203022-17
B1901503727826N12151442WA0055000543003021292203021-06
B1901513727829N12151447WA0054900542003028309204022004
B1901523727833N12151452WA0054900541003033325205022-01
B1901533727840N12151456WA0054800540003044340204022-11
B1901543727847N12151458WA0054700541003046346204022-08
B1901553727854N12151460WA0054700540003047345204022001
B1901563727861N12151463WA0054600540003049344203022-02
B1901573727868N12151466WA0054600540003055343202023017
B1901583727876N12151469WA0054700540003054344201023008
B1901593727884N12151472WA0054900542003048342200023004
B1902003727890N12151475WA0054800543003043339200023000
B1902013727894N12151478WA0054600543003027324202023-07
B1902023727895N12151481WA0054400542003018310203024003
B1902033727896N12151483WA0054400541003012304203024000
B1902043727895N12151484WA0054800542003004304204024037
B1902053727893N12151484WA0055100542003005304204024043
B1902063727892N12151482WA0055300542003008144204024025
B1902073727891N12151479WA0055500544003014098204024018
B1902083727890N12151476WA0055600547003019101204024015
B1902093727890N12151471WA0055800548003027092203024022
B1902103727890N12151465WA0055900550003033096203024028
B1902113727890N12151458WA0056200555003033094203024025
B1902123727890N12151451WA0056500558003032087202025031
B1902133727891N12151445WA0056700562003030075202025020
B1902143727892N12151439WA0056800565003033075202024017
B1902153727893N12151433WA0057000568003030076202024014
B1902163727894N12151428WA0057000570003027080201024011
B1902173727894N12151424WA0057100573003022082200024008
B1902183727894N12151422WA0057100575003015085199024007
B1902193727894N12151422WA0057300578003007101199025018
B1902203727893N12151423WA0057400577003000101199025020
B1902213727893N12151424WA0057700578003000101199025019
B1902223727892N12151424WA0057800580003000101199026015
B1902233727892N12151425WA0058000581003000101200026022
B1902243727892N12151426WA0058300582003007313200026031
B1902253727893N12151427WA0058500583003009335201027018
B1902263727894N12151428WA0058600584003007356201027014
B1902273727895N12151428WA0058700585003008018200027013
B1902283727897N12151427WA0058900586003007002201027010
B1902293727898N12151427WA0058900587003000002201027012
B1902303727898N12151428WA0059100588003000002201027009
B1902313727898N12151428WA0059200589003000002201027018
B1902323727897N12151429WA0059200589003001002201027018
B1902333727896N12151429WA0059200590003000002200027005
B1902343727896N12151429WA0059200591003000002201027-13
B1902353727895N12151429WA0059200592003001002201027001
B1902363727895N12151431WA0059300592003011243200026015
B1902373727894N12151433WA0059500593003014253200026039
B1902383727893N12151436WA0059800594003017254199026030
B1902393727893N12151439WA0060000594003015270200026004
B1902403727893N12151441WA0059900595003009279199026-09
B1902413727893N12151443WA0059700596003009258199026-24
B1902423727893N12151444WA0059400597003009258199026-25
B1902433727893N12151446WA0059300597003010258199025-04
B1902443727892N12151449WA0059400597003018260199025017
B1902453727891N12151454WA0059400598003024261197024011
B1902463727890N12151458WA0059400600003021257197024-03
B1902473727890N12151462WA0059300600003017260197024-12
B1902483727889N12151465WA0059100599003017266197024-18
B1902493727889N12151469WA0058900597003020270196024-08
B1902503727889N12151473WA0059000596003023271196024-02
B1902513727889N12151478WA0058900594003024279196024010
B1902523727889N12151482WA0058900593003023284197024003
B1902533727889N12151486WA0058900592003020278197024-14
B1902543727888N12151490WA0058700591003016262197024-17
B1902563727886N12151497WA0058500588003018252197024-22
B1902563727886N12151497WA0058400588003022248197024-13
B1902573727884N12151501WA0058300586003026242196023001
B1902583727882N12151506WA0058100584003026236195023-08
B1903003727878N12151513WA0058000583003023233194022-20
B1903013727876N12151516WA0057800581003019236194021-12
B1903023727875N12151519WA0057700579003019241194021-20
B1903033727872N12151523WA0057500577003022237193020-10
B1903043727870N12151525WA0057500576003024225193020000
B1903043727870N12151525WA0057300576003022218193020-11
B1903063727865N12151530WA0057200575003019217193020-07
B1903073727863N12151531WA0057100573003015217194020-10
B1903083727861N12151534WA0056900573003015223194020-07
B1903093727860N12151536WA0056900573003015238193020-02
B1903103727859N12151539WA0057000573003017245194020011
B1903113727858N12151541WA0057100573003013250194020008
B1903123727857N12151542WA0057100573003010236194021003
B1903133727856N12151543WA0057100572003011207195021004
B1903143727854N12151544WA0057100572003013217195022-03
B1903153727853N12151546WA0057000571003015232195022-04
B1903163727851N12151549WA0056900570003017244195022-05
B1903173727850N12151552WA0056900569003019241195021-08
B1903183727848N12151555WA0056800569003018234195021001
B1903193727846N12151557WA0056700569003017228194021-06
B1903203727844N12151560WA0056900569003016229194021009
B1903213727843N12151562WA0057000570003015223194021019
B1903223727841N12151563WA0057300572003014219193021025
B1903233727839N12151565WA0057500574003013204194021023
B1903243727836N12151565WA0057700577003012194194021021
B1903253727835N12151566WA0057900578003012187194021016
B1903263727833N12151566WA0057900580003009196194021008
B1903273727832N12151567WA0058000580003008195195021000
B1903283727831N12151567WA0057900580003011198195021-03
B1903293727829N12151569WA0057900580003014203195022-04
B1903303727827N12151570WA0057900580003019205195021-01
B1903313727824N12151572WA0057900581003022210195021005
B1903323727821N12151574WA0057900581003022212194021011
B1903333727818N12151576WA0058000582003021208194020004
B1903343727815N12151578WA0058000583003022207194020002
B1903353727812N12151580WA0058100583003023205193019003
B1903363727809N12151582WA0058200584003022207193019018
B1903373727806N12151584WA0058500585003020214193019028
B1903383727804N12151586WA0058900587003018216193019035
B1903393727802N12151588WA0059200590003014215193019038
B1903403727800N12151589WA0059500592003012228193020031
B1903413727799N12151591WA0059900596003012250194020033
B1903423727799N12151593WA0060200598003013263194020032
B1903433727798N12151596WA0060500601003013255194021019
B1903443727798N12151598WA0060600602003012248195021013
B1903453727797N12151600WA0060600604003012223195022015
B1903463727795N12151601WA0060800607003010210195022023
B1903473727794N12151602WA0061000609003007221196022017
B1903483727794N12151603WA0061100608003007218196022001
B1903493727793N12151604WA0061000609003008228196022-07
B1903503727792N12151605WA0060800609003009232196022-21
B1903513727791N12151607WA0060700609003012229196022-16
B1903523727790N12151610WA0060600609003017234197023003
B1903533727789N12151612WA0060600610003017235196022009
B1903543727787N12151615WA0060700610003015248195022009
B1903553727787N12151618WA0060700610003015248197023-02
B1903563727786N12151621WA0060700610003015254197023-04
B1903573727786N12151624WA0060600609003017252197023-05
B1903583727785N12151628WA0060600609003019243197023001
B1903593727784N12151631WA0060700609003019245196022020
B1904003727782N12151634WA0060900609003020247195022029
B1904013727781N12151638WA0061000609003019256195022011
B1904023727781N12151642WA0061200610003019269195022010
B1904033727781N12151645WA0061100611003019258195022-03
B1904043727780N12151649WA0061000610003019245195022-06
B1904053727779N12151652WA0061000610003019241195022-03
B1904063727777N12151656WA0061000610003024246195022002
B1904073727776N12151660WA0061000610003027251194021008
B1904083727774N12151665WA0061100611003027246194021003
B1904093727772N12151669WA0061000611003024239193021001
B1904103727770N12151673WA0061000611003021230192021-05
B1904113727769N12151676WA0060900611003018236193020-04
B1904123727767N12151679WA0060800611003017242192020-10
B1904133727766N12151682WA0060800609003017243192019-08
B1904143727765N12151684WA0060700609003017240192019-03
B1904153727764N12151687WA0060600608003016224192019-10
B1904163727762N12151689WA0060400607003016216192019-11
B1904173727760N12151691WA0060400606003018219192020-10
B1904183727758N12151693WA0060400606003020232192020003
B1904193727756N12151696WA0060300605003021238192019-01
B1904203727755N12151700WA0060300605003022242192019000
B1904213727753N12151704WA0060300606003023236192019000
B1904223727751N12151707WA0060200606003024233191019-01
B1904233727749N12151711WA0060300605003025229191019000
B1904243727746N12151715WA0060300605003026232190019000
B1904253727744N12151719WA0060300605003027237189018002
B1904263727741N12151723WA0060300605003026239189018007
B1904273727739N12151727WA0060300606003022235189018002
B1904283727738N12151730WA0060400606003017223189018002
B1904293727736N12151731WA0060300605003015211189018-06
B1904303727734N12151733WA0060200606003015206189018-14
B1904313727731N12151733WA0060100605003020196190019-15
B1904323727728N12151735WA0059900603003025203191019-08
B1904333727724N12151737WA0059900602003024205191019005
B1904343727721N12151739WA0060000602003024211192018012
B1904353727718N12151741WA0060000602003020216190018003
B1904363727716N12151743WA0059900603003018220190018-04
B1904373727714N12151746WA0059900601003020222190018-08
B1904383727712N12151749WA0059800601003023226190018-05
B1904393727709N12151752WA0059700600003025231190018-02
B1904403727707N12151756WA0059700600003024237190018003
B1904413727705N12151759WA0059900600003021243190018014
B1904423727704N12151763WA0059900600003017235190019007
B1904433727702N12151765WA0059900600003015227190019003
B1904443727700N12151767WA0060000601003016220191019005
B1904453727698N12151769WA0060000601003017215191019004
B1904463727696N12151770WA0060000602003018209192019001
B1904473727693N12151772WA0060100602003020204192019003
B1904483727690N12151774WA0060100602003021199192019007
B1904493727687N12151775WA0060200603003021198192019011
B1904503727684N12151776WA0060400604003021203191018021
B1904513727681N12151778WA0060500606003017209191018019
B1904523727680N12151779WA0060600608003012213191019007
B1904533727679N12151780WA0060700608003007225191019001
B1904543727678N12151781WA0060700610003007204193020-04
B1904553727677N12151782WA0060700611003010186192020-06
B1904563727675N12151782WA0060400611003010186193020-10
B1904573727673N12151780WA0060400611003016149193020-01
B1904583727671N12151778WA0060400611003017128193020004
B1904593727670N12151775WA0060400611003016110193020-02
B1905003727669N12151772WA0060300611003015112194020-12
B1905023727666N12151768WA0060200610003017146194020-03
B1905033727664N12151766WA0060200610003019151194020004
B1905043727662N12151764WA0060200611003018152194019002
B1905053727660N12151763WA0060200611003013155194019003
B1905063727658N12151762WA0060200611003010169194019-06
B1905073727657N12151762WA0060200610003012186194020-06
B1905083727655N12151762WA0060000609003016189195020-09
B1905093727653N12151763WA0059900608003015194195020-06
B1905103727651N12151764WA0059800607003014196194019-09
B1905113727649N12151764WA0059700607003014200194019-10
B1905123727647N12151765WA0059500605003013203193019-14
B1905133727645N12151766WA0059300603003012203193019-21
B1905143727644N12151767WA0059000601003011192193019-31
B1905153727642N12151767WA0058800599003015189194019-24
B1905163727640N12151768WA0058500597003018183194019-10
B1905173727637N12151768WA0058400596003019181194019-07
B1905183727634N12151767WA0058300595003020176193019-05
B1905193727631N12151767WA0058400594003019182193019008
B1905203727628N12151767WA0058400593003016178194018-01
B1905213727626N12151766WA0058400594003012162194018-01
B1905223727624N12151765WA0058400593003013132194018-02
B1905233727623N12151762WA0058300593003016115194018-03
B1905243727623N12151759WA0058200592003018098194018-10
B1905253727623N12151756WA0058000590003017087194018-12
B1905263727623N12151753WA0057800588003016085193019-22
B1905273727624N12151750WA0057600587003018083192018-23
B1905283727624N12151746WA0057400585003023083192019-21
B1905293727625N12151740WA0057200582003029077192019-06
B1905303727627N12151734WA0057100580003032070193019-09
B1905313727630N12151727WA0056900578003037062192018-18
B1905323727633N12151720WA0056700575003038062192018-20
B1905333727635N12151713WA0056600573003041065191018-13
B1905343727638N12151706WA0056500571003042065190018-04
B1905353727641N12151699WA0056400570003041065189018-03
B1905363727644N12151692WA0056500570003041064189018000
B1905373727646N12151685WA0056300569003040066190018001
B1905383727648N12151678WA0056300569003039071190018-02
B1905393727650N12151671WA0056500569003037074190018009
B1905403727652N12151664WA0056600570003034072190018021
B1905413727653N12151658WA0056700570003033068189018015
B1905423727655N12151652WA0057000572003032063189018023
B1905433727658N12151647WA0057100575003031057187018015
B1905443727660N12151642WA0057300576003031051185017013
B1905453727664N12151637WA0057500577003036053184017020
B1905463727667N12151631WA0057800579003041055184017040
B1905473727671N12151625WA0058200580003042054184017052
B1905483727674N12151619WA0058600582003040054185017048
B1905493727678N12151613WA0059200584003038055185017038
B1905503727681N12151608WA0059400586003033061186017018
B1905513727682N12151602WA0059500588003033070187018017
B1905523727683N12151596WA0059600590003033078187018013
B1905533727683N12151589WA0059600592003037085188018011
B1905543727683N12151583WA0060000594003035092188017029
B1905553727682N12151577WA0060100595003029101191017028
B1905563727680N12151575WA0060000596003017137192017002
B1905573727676N12151577WA0060000597003015205192017-08
B1905583727675N12151583WA0059800598003025253192017-12
B1905593727674N12151589WA0059800600003029267191017001
B1906003727676N12151596WA0059800602003033288190017001
B1906013727679N12151603WA0059700601003036298190017-07
B1906023727684N12151609WA0059700591003036301187017-06
B1906033727686N12151615WA0059500590003030289186017-04
B1906043727687N12151620WA0059300589003022274186017-16
B1906053727687N12151624WA0059200588003017260186018-15
B1906063727686N12151627WA0059000587003018247188018-11
B1906073727685N12151630WA0058800586003021258188018-11
B1906083727685N12151634WA0058700585003024267188018-08
B1906093727685N12151639WA0058600584003026276189018-12
B1906103727685N12151644WA0058500584003028279189018-17
B1906113727686N12151650WA0058300583003030278188018-13
B1906123727687N12151655WA0058200582003033279187018-10
B1906133727688N12151662WA0058100581003033281187018-12
B1906143727688N12151667WA0057900580003031282187018-16
B1906153727689N12151673WA0057800579003028279187018-14
B1906163727690N12151678WA0057700579003026280187018-03
B1906173727691N12151682WA0057500578003023288188018-11
B1906183727692N12151686WA0057300578003019292189018-27
B1906193727693N12151689WA0057000576003018287190019-32
B1906203727694N12151693WA0056800574003022285191019-31
B1906213727695N12151697WA0056600572003026278191019-08
B1906223727696N12151702WA0056500570003027283191019006
B1906233727695N12151708WA0056600569003028278191019014
B1906243727695N12151713WA0056700569003028277190019009
B1906253727696N12151717WA0056700569003023282189018002
B1906263727696N12151721WA0056600568003017283189018-12
B1906273727697N12151724WA0056500567003017281190019-20
B1906283727697N12151727WA0056200566003016273191019-21
B1906293727697N12151730WA0056100565003018262191019-14
B1906303727695N12151734WA0056000564003025248191019004
B1906313727693N12151738WA0056000564003025255190019011
B1906323727691N12151743WA0056100571003027249189018008
B1906333727689N12151747WA0056000572003021257188018-07
B1906343727689N12151751WA0055900572003016278188018-15
B1906353727689N12151754WA0055700572003016262188018-26
B1906363727688N12151757WA0055400572003018250189018-20
B1906373727687N12151760WA0055200571003023246189018-13
B1906383727685N12151765WA0055100571003028245189018-10
B1906393727683N12151770WA0054900569003028246188018-15
B1906403727681N12151774WA0054800567003025244187018-16
B1906413727679N12151778WA0054700565003023242186017-13
B1906423727676N12151782WA0054600563003026235185017-07
B1906433727674N12151786WA0054600561003026230185017006
B1906443727671N12151790WA0054600560003024226184017004
B1906453727668N12151792WA0054600559003021219184017002
B1906463727666N12151794WA0054700558003019209184017000
B1906473727663N12151796WA0054600557003018207184017-06
B1906483727661N12151797WA0054500556003016211185017-07
B1906493727659N12151799WA0054500555003016211185017-02
B1906503727656N12151800WA0054400554003017207185018-09
B1906513727654N12151802WA0054300553003019201186018-05
B1906523727651N12151803WA0054300552003021202185017003
B1906533727648N12151805WA0054400552003023213185017007
B1906543727645N12151808WA0054300551003023223185017005
B1906553727643N12151811WA0054300551003023241185017-05
B1906563727642N12151815WA0054300550003024255185017-05
B1906573727641N12151820WA0054100549003025258185017-10
B1906583727641N12151825WA0054000548003026262185017-12
B1906593727640N12151829WA0053900546003027261186017-12
B1907003727640N12151834WA0053800545003027260185017-09
B1907013727639N12151839WA0053700544003027254185017-06
B1907023727638N12151844WA0053400542003026254185017-12
B1907033727637N12151849WA0053600541003027259185017003
B1907043727636N12151854WA0053600541003024266185017004
B1907053727636N12151857WA0053500541003017267186018-07
B1907063727636N12151860WA0053500540003013254187018000
B1907073727634N12151861WA0053400540003010221187018001
B1907083727633N12151862WA0053500540003010193187018009
B1907093727631N12151861WA0053500540003010163187018001
B1907103727629N12151860WA0053500540003011144187019-01
B1907113727628N12151859WA0053400539003013145187019-08
B1907123727626N12151858WA0053200538003015154187018-14
B1907133727624N12151857WA0053100536003019165187018-16
B1907143727621N12151856WA0052900535003022177187018-08
B1907153727617N12151856WA0052800534003021178187018-02
B1907163727614N12151855WA0052700533003019169188017-11
B1907173727611N12151854WA0052600532003019152188017-16
B1907183727609N12151852WA0052400531003021138189017-21
B1907193727607N12151849WA0052200529003023132189017-22
B1907203727605N12151845WA0051800527003025130189017-21
B1907213727602N12151841WA0051700525004025134190017-16
B1907223727600N12151838WA0051600523004025138190017-12
B1907233727597N12151834WA0051500522003028138190016-01
B1907243727594N12151830WA0051300521003030131192016-12
B1907253727591N12151826WA0051100519003027125192016-26
B1907263727589N12151822WA0050900518003024122192016-17
B1907273727587N12151818WA0050700516003025113193016-23
B1907283727586N12151813WA0050400515003028106193016-24
B1907293727585N12151807WA0050200513003034096194016-10
B1907303727585N12151800WA0050100511003037088194016-04
B1907313727586N12151792WA0050100510003040082194016-04
B1907323727588N12151783WA0049900509003042079196016-09
B1907333727589N12151775WA0049900508003040083197016-13
B1907343727589N12151768WA0049700506003039086197016-11
B1907353727590N12151761WA0049600505003039084197016-13
B1907363727591N12151753WA0049400503003042080198016-12
B1907373727592N12151744WA0049300502003046074199016-12
B1907383727595N12151736WA0049200500003049073200017-06
B1907393727597N12151727WA0049200499003048073202017-01
B1907403727599N12151718WA0049100499003047073202017-05
B1907413727601N12151710WA0049000498003045070204017-05
B1907423727604N12151702WA0049000497003046066204017-05
B1907433727607N12151694WA0048900497003047062204017-08
B1907443727611N12151686WA0048800496003049058204017-05
B1907453727615N12151678WA0048800495003049056203017-07
B1907463727619N12151671WA0048600494003049056203017-13
B1907473727623N12151663WA0048500493003050056203017-10
B1907483727628N12151655WA0048400492003054052204017-06
B1907493727633N12151647WA0048400491003057048204018003
B1907503727639N12151639WA0048400491003058045205018009
B1907513727645N12151631WA0048500491003056043205018010
B1907523727652N12151624WA0048500492003053042205018005
B1907533727657N12151617WA0048600493003051045205018002
B1907543727662N12151610WA0048600493003051049205018-01
B1907553727667N12151603WA0048600493003051053204018000
B1907563727671N12151595WA0048600492003050058204018002
B1907573727675N12151586WA0048600492003050064204018005
B1907583727678N12151578WA0048600492003048072204017005
B1907593727680N12151570WA0048700493003045080206018003
B1908003727680N12151562WA0048700493003041090206018009
B1908013727679N12151555WA0048800493003035097206018016
B1908023727677N12151549WA0049000493003032105206018016
B1908033727676N12151545WA0049100494003025109205018013
B1908043727674N12151543WA0049200495003016112203018007
B1908053727674N12151542WA0049200495003008115203019003
B1908063727674N12151542WA0049200495003004115202019000
B1908073727673N12151542WA0049200495003006169201020004
B1908083727672N12151543WA0049200496003005169202020003
B1908093727671N12151543WA0049200496003004169202021001
B1908103727671N12151545WA0049200496003006271203021-01
B1908113727671N12151546WA0049100497003011285203022000
B1908123727672N12151549WA0049100497003017290205023-02
B1908133727674N12151553WA0049100497003024303205023003
B1908143727676N12151557WA0049100497003028316204022006
B1908153727681N12151560WA0049100497003034329205023003
B1908163727686N12151563WA0049200498003037340207023003
B1908173727691N12151565WA0049200498003040348207022006
B1908183727697N12151566WA0049200498003043357208022001
B1908193727704N12151565WA0049200498003046006210021000
B1908203727711N12151561WA0049100499003047020210021005
B1908213727718N12151554WA0049200498003054041211021009
B1908223727724N12151546WA0049300499003054049211021008
B1908233727728N12151538WA0049300500003055055211021007
B1908243727732N12151530WA0049300501003045063211021-03
B1908253727734N12151523WA0049300501003043070210021-03
B1908263727736N12151515WA0049200501003043078211021-01
B1908273727736N12151507WA0049200501003042087211021004
B1908283727735N12151499WA0049200500003040099211021007
B1908293727734N12151492WA0049200500003036103212021010
B1908303727731N12151486WA0049300500003031111212021010
B1908313727729N12151482WA0049500500003025112211021007
B1908323727727N12151479WA0049500506003021112210022007
B1908333727726N12151476WA0049500506003017116210022-01
B1908343727725N12151474WA0049400507003015129210022-03
B1908353727723N12151473WA0049400507003011167210022-03
B1908363727721N12151474WA0049400508003010207210022007
B1908373727720N12151476WA0049500508003011242210022014
B1908383727720N12151478WA0049600508003013267211022011
B1908393727721N12151481WA0049700509003017300211022004
B1908403727724N12151485WA0049700510003025320213023014
B1908413727729N12151488WA0049900510003031334214023018
B1908423727735N12151490WA0050000511003038343216023016
B1908433727741N12151492WA0050100515003039349216023004
B1908443727747N12151493WA0050100516003036349217023-01
B1908453727752N12151495WA0050100516003035343217023003
B1908463727758N12151498WA0050100516003036334217023010
B1908473727762N12151501WA0050100517003036326217023006
B1908483727766N12151505WA0050300517003035323217023016
B1908493727770N12151509WA0050400518003033321217023013
B1908503727774N12151513WA0050500518003029318217023008
B1908513727776N12151517WA0050500519003025315217023003
B1908523727778N12151520WA0050500519003021301216023004
B1908533727779N12151524WA0050400519003019288216023-02
B1908543727780N12151527WA0050500519003017283216022004
B1908553727780N12151530WA0050600519003015274216022020
B1908563727780N12151532WA0050600519003013260216022006
B1908573727779N12151534WA0050400518003014239216022-14
B1908583727778N12151537WA0050500518003013239215022-10
B1908593727777N12151538WA0050500518003010239216022004
B1909003727776N12151540WA0050500518003009216215022-01
B1909013727775N12151540WA0050300517003010179215022-08
B1909023727773N12151539WA0050300516003014155215022005
B1909033727771N12151537WA0050400516003018142216022006
B1909043727768N12151535WA0050500516003018141216021007
B1909053727766N12151533WA0050400516003016145216021-06
B1909063727764N12151532WA0050300516003015146216021-06
B1909073727762N12151530WA0050300515003019138217021-03
B1909083727760N12151527WA0050300515003022133217021007
B1909093727758N12151524WA0050300514003020136217021003
B1909103727755N12151521WA0050400514003017142217021002
B1909113727753N12151519WA0050300514003017138217021001
B1909123727751N12151516WA0050300514003021128217021-04
B1909133727749N12151513WA0050300514003024119217021003
B1909143727747N12151509WA0050400514003024115217021014
B1909153727746N12151505WA0050600515003021119217021016
B1909163727744N12151501WA0050700516003020124216021013
B1909173727742N12151498WA0050800517003017125216021015
B1909183727741N12151496WA0050900518003015113216021006
B1909193727740N12151493WA0051000518004017107216022009
B1909203727739N12151490WA0051100519003019112215022021
B1909213727738N12151487WA0051400519003016118215022026
B1909223727737N12151485WA0051500520003013124214022020
B1909233727736N12151483WA0051600521003010136215022013
B1909243727735N12151484WA0051800522003000136214022013
B1909263727735N12151489WA0052000526003009270214022017
B1909273727735N12151492WA0052100526003013260214022026
B1909283727736N12151496WA0052400528003017271214022027
B1909293727738N12151500WA0052500530003020288214022016
B1909303727741N12151504WA0052600531003025304214022010
B1909313727747N12151506WA0052700532003026320216022014
B1909323727754N12151507WA0052800533003035345216022013
B1909333727763N12151505WA0052900535003046358215022010
B1909343727771N12151500WA0052800535003051009215022001
B1909353727777N12151492WA0052800536003052029215022-04
B1909363727781N12151485WA0052800536003051047214022000
B1909373727784N12151477WA0052800536003049056214022005
B1909383727786N12151469WA0052800537003045069214022012
B1909393727786N12151461WA0052900537003041081215022007
B1909403727785N12151454WA0053000538003039091215022017
B1909413727784N12151448WA0053200539003036094214022026
B1909423727782N12151443WA0053500541003030099214022036
B1909433727781N12151440WA0053800543003031105213022029
B1909443727780N12151438WA0053900548003017110213022010
B1909453727780N12151437WA0053900549003011085213022001
B1909463727781N12151435WA0053900550003007088213022-06
B1909473727780N12151434WA0053800550003007128213023-03
B1909483727779N12151434WA0053700551003007128212023-02
B1909493727777N12151434WA0053900551003007187212023031
B1909503727775N12151435WA0054100555003017169212023037
B1909513727772N12151434WA0054300557003013161213023017
B1909523727771N12151434WA0054500559003009094213023012
B1909533727771N12151433WA0054400562003011096212023-09
B1909543727771N12151430WA0054200563003016119212023-22
B1909553727769N12151428WA0054100564003016119212023-17
B1909563727767N12151427WA0053800565003015161213023003
B1909573727765N12151426WA0053900564003013147213022019
B1909583727764N12151426WA0054100565003006168214022021
B1909593727764N12151428WA0054100566003004168214022002
B1910003727764N12151430WA0054100566003004168214022-10
B1910013727765N12151430WA0053900566003000168214022-17
B1910023727764N12151431WA0053700567003000168213023-25
B1910033727763N12151433WA0053300567003011206213023-27
B1910043727762N12151435WA0052900566003013219213023-24
B1910053727760N12151438WA0052800566003018230213023-17
B1910063727758N12151440WA0052700566003019235213022-01
B1910073727757N12151444WA0052500564003018243213022-11
B1910083727756N12151447WA0052400563003016245213022-13
B1910093727755N12151450WA0052200561003013253212022-15
B1910103727755N12151453WA0052100559003014259212022-16
B1910113727755N12151456WA0051900556003015260212022-14
B1910123727754N12151459WA0051800553003013251213021-03
B1910133727754N12151461WA0051700551003009232213022-10
B1910143727754N12151462WA0051500548003004232213021-16
B1910153727754N12151462WA0051300545003003232213021-27
B1910163727754N12151462WA0051000544003004232213021-35
B1910173727753N12151463WA0050600542003008194213021-39
B1910183727752N12151464WA0050100540003010210213022-33
B1910193727750N12151465WA0050000537003015226213022-14
B1910203727748N12151468WA0049900534003020226213022-01
B1910213727745N12151471WA0049700532003019232213021-07
B1910223727744N12151473WA0049600531003014241213021-16
B1910233727743N12151476WA0049400528003013255213021-19
B1910243727743N12151478WA0049200524003015261213021-21
B1910253727743N12151482WA0049000521003019258213021-20
B1910263727742N12151485WA0048800518003021260212021-08
B1910273727742N12151489WA0048800516003020252212021-02
B1910283727741N12151492WA0048800514003018250212021007
B1910293727740N12151496WA0048800513003017256212021006
B1910303727739N12151498WA0048800512003014265211021007
B1910313727739N12151500WA0049000511003009277212021005
B1910323727740N12151501WA0048900510003007278212021-02
B1910333727740N12151503WA0048900509003008259213022-07
B1910343727740N12151504WA0048700506003011238214022-08
B1910353727739N12151506WA0048500504003015226214022-22
B1910363727737N12151508WA0048400502003018228213022-06
B1910373727735N12151511WA0048400500003018230213021015
B1910383727734N12151513WA0048600498003017232213021013
B1910393727732N12151515WA0048600498003013226214021006
B1910403727732N12151515WA0048600497003006222214021000
B1910413727731N12151516WA0048600496003008228213021-09
B1910423727731N12151518WA0048400495003013240213022-05
B1910433727730N12151520WA0048400494003019251213022001
B1910443727729N12151523WA0048400493003020255213022010
B1910453727728N12151527WA0048500492003020256213021013
B1910463727727N12151530WA0048600493003016261213021006
B1910473727727N12151532WA0048600493003014262212020004
B1910483727727N12151535WA0048600492003018257212020-02
B1910493727726N12151539WA0048600492003022252212020005
B1910503727725N12151543WA0048800492003022251212020017
B1910513727723N12151546WA0048900493003020251211020018
B1910523727722N12151549WA0049000494003016248211020020
B1910533727722N12151550WA0049200495003010241211020012
B1910543727721N12151552WA0049300496003009258211020011
B1910553727721N12151554WA0049400497003014263212020004
B1910563727721N12151556WA0049600498003018271213021021
B1910573727720N12151560WA0049700500003019267212021027
B1910583727720N12151563WA0049900502003017262213021032
B1910593727719N12151566WA0050300504003014254213021027
B1911003727718N12151568WA0050600506003010259212021029
B1911013727718N12151570WA0050700508003010255212021007
B1911023727718N12151571WA0050800508003011256212021000
B1911033727717N12151574WA0050700509003015238213021-02
B1911043727715N12151577WA0050700509003020235213021004
B1911053727714N12151580WA0050800510003020236213021006
B1911063727712N12151583WA0050900512003019242213021015
B1911073727711N12151587WA0050900513003020259212020005
B1911083727711N12151591WA0050900514003023266213020001
B1911093727711N12151595WA0050900515003024274212020001
B1911103727712N12151600WA0050800514003025287211020-08
B1911113727713N12151604WA0050700513003025282210020-11
B1911123727714N12151609WA0050500512003026270210020-12
B1911133727714N12151614WA0050400511003029270209020-05
B1911143727714N12151620WA0050400510003031276209020-05
B1911153727715N12151626WA0050400509003033286208020006
B1911163727717N12151631WA0050500509003033292208019011
B1911173727719N12151637WA0050500509003031298207019009
B1911183727721N12151642WA0050500509003029303206019004
B1911193727723N12151646WA0050600510003029308205019006
B1911203727726N12151650WA0050700511003026310205019012
B1911213727728N12151654WA0050800511003021299206019005
B1911223727729N12151657WA0050800512003018283206020002
B1911233727728N12151660WA0050800512003016262206020005
B1911243727728N12151663WA0050900512003015253208019007
B1911253727727N12151666WA0051000513003016253207020013
B1911263727726N12151669WA0051000513003018259208020014
B1911273727726N12151673WA0051200514003021269209020011
B1911283727726N12151677WA0051400515003022277209020015
B1911293727727N12151681WA0051500516003023287209020014
B1911303727728N12151685WA0051600517003019286209020013
B1911313727728N12151688WA0051500518003015277209020-04
B1911323727728N12151690WA0051500518003010261209020-03
B1911333727727N12151692WA0051600519003010242210020004
B1911343727727N12151694WA0051600519003016249209021003
B1911353727726N12151697WA0051500518003020254210020-04
B1911363727725N12151701WA0051500518003024258209020-02
B1911373727724N12151706WA0051600519003023261209020013
B1911383727723N12151710WA0051700520003021253208020012
B1911393727722N12151713WA0051700521003017250208019011
B1911403727721N12151716WA0051800522003012248208019007
B1911413727721N12151718WA0051900523003010248208020003
B1911423727720N12151719WA0051900523003011242208020006
B1911433727719N12151721WA0051900523003012239209020006
B1911443727718N12151723WA0051900523003013242210020005
B1911453727718N12151725WA0052000524003013246209021009
B1911463727717N12151727WA0052100525003012247209021009
B1911473727716N12151729WA0052100526003010242209021005
B1911483727715N12151731WA0052200527003009244210021004
B1911493727715N12151733WA0052200527003008236210021-03
B1911503727714N12151734WA0052000527003009228210021-16
B1911513727713N12151735WA0051900527003009218210021-21
B1911523727712N12151737WA0051700526003015214210021-13
B1911533727710N12151738WA0051600525003017209211021-02
B1911543727707N12151740WA0051600525003016207210021003
B1911553727705N12151740WA0051500525003012198211020-06
B1911563727704N12151741WA0051500525003008189211020-09
B1911573727703N12151741WA0051300524003009186211020-16
B1911583727701N12151741WA0051100522003012187210021-19
B1911593727699N12151742WA0050900520003016202210021-16
B1912003727697N12151743WA0050900519003019207210021003
B1912013727694N12151745WA0050900519003018202211020001
B1912023727692N12151746WA0050900519003016203211020006
B1912033727689N12151747WA0050900519003012194210020-02
B1912043727688N12151747WA0050900519003011199210020-01
B1912053727686N12151748WA0050900518003013210210020-03
B1912063727684N12151750WA0050800517003014223210020-04
B1912073727683N12151752WA0050800516003018234210020-02
B1912083727681N12151755WA0050700515003022243210020-05
B1912093727680N12151759WA0050600514003024254209020-07
B1912103727679N12151764WA0050600513003025262209019-05
B1912113727679N12151769WA0050500513003026265208019-06
B1912123727679N12151773WA0050400512003025266208019-05
B1912133727678N12151778WA0050300511003026262207019-13
B1912143727678N12151783WA0050200510003028260207019-08
B1912153727677N12151788WA0050200510003028263206018003
B1912163727676N12151793WA0050300510003027264206018009
B1912173727676N12151798WA0050300510003025263206018003
B1912183727675N12151803WA0050200509003023258206018-05
B1912193727674N12151807WA0050200509003023256206018-02
B1912203727674N12151811WA0050100508003023257207019-01
B1912213727673N12151815WA0050000508003022257207019-03
B1912223727672N12151819WA0050100508003018255208019-03
B1912233727671N12151822WA0050000507003014247208019-05
B1912243727670N12151823WA0049900507003010233208019-05
B1912253727669N12151824WA0049800506003008205208019-06
B1912263727668N12151821WA0049700506003015127209019-07
B1912273727667N12151818WA0049600503003015127208019-08
B1912283727665N12151816WA0049600502003013144209019-11
B1912293727664N12151814WA0049400501003013152210019-09
B1912303727662N12151813WA0049400500003015149210019-05
B1912313727660N12151811WA0049300499003017141210019-03
B1912323727658N12151809WA0049200498003017140210019-04
B1912333727656N12151807WA0049200498003015153211018-14
B1912343727654N12151806WA0049100498003014169212019005
B1912353727652N12151806WA0048900497003013175212019-08
B1912363727650N12151805WA0049000496003014157212019-12
B1912373727649N12151804WA0048900496003015138212019-01
B1912383727647N12151802WA0048900495003015135211018-03
B1912393727645N12151800WA0048700494003015141211018-11
B1912403727643N12151798WA0048700494003016148211018-10
B1912413727641N12151796WA0048500493003016144211018-13
B1912423727639N12151794WA0048300492003017134210019-13
B1912433727638N12151792WA0048300491003019127211018-10
B1912443727636N12151789WA0048200490003019125211018-09
B1912453727634N12151786WA0048100489003019128211018-12
B1912463727632N12151783WA0047900488003019132211018-07
B1912473727630N12151780WA0047900487003020132211018-15
B1912483727628N12151777WA0047700485003023127211018-07
B1912493727627N12151773WA0047700484003023119211018-03
B1912503727625N12151769WA0047700484003022106210019006
B1912513727626N12151765WA0047600483003023086208018-05
B1912523727627N12151760WA0047600483003026073207018-05
B1912533727628N12151755WA0047500482003029072205018-07
B1912543727629N12151750WA0047400481003029079202018-09
B1912553727630N12151744WA0047300480003029085201018-08
B1912563727630N12151739WA0047200480003028093200018-10
B1912573727630N12151734WA0047200479003026099200018003
B1912583727629N12151729WA0047200478003023101201018004
B1912593727629N12151725WA0047200478003023097202018-02
B1913003727628N12151720WA0047100478003026092202018-09
B1913013727629N12151715WA0047100477003030086202018-04
B1913023727629N12151708WA0047100477003034081202018003
B1913033727630N12151701WA0047200477003040076202018011
B1913043727632N12151694WA0047300478003040070202018014
B1913053727634N12151687WA0047300478003036069202017005
B1913063727636N12151681WA0047300478003031074200017-11
B1913073727636N12151677WA0047100478003024097200017-18
B1913083727635N12151673WA0046900477003022110200017-08
B1913093727633N12151671WA0046800476003015139200017-03
B1913103727630N12151670WA0046800475003016152200017004
B1913113727628N12151670WA0046900475003012159200017007
B1913123727626N12151674WA0046900476003013236200017001
B1913133727625N12151676WA0047000477003012240201017007
B1913143727624N12151679WA0046900477003010231201017000
B1913153727623N12151680WA0046900477003010213200017-07
B1913163727622N12151681WA0046800476003009206201017-10
B1913173727621N12151682WA0046800474003011206201017-04
B1913183727620N12151683WA0046600473003012206201017-07
B1913193727618N12151684WA0046500472003013195200017-11
B1913203727616N12151685WA0046300470003014189200017-16
B1913213727614N12151686WA0046200469003016197200017-11
B1913223727611N12151687WA0046100468003017205199016-04
B1913233727609N12151688WA0046100468003017202199016004
B1913243727607N12151690WA0046100468003016193200016-02
B1913253727604N12151690WA0046100468003014194200016002
B1913263727602N12151691WA0046100468003013196200016-01
B1913273727601N12151692WA0046100467003013213199016-03
B1913283727599N12151694WA0046100467003013228199016-05
B1913293727598N12151696WA0046000466003014230200017-07
B1913303727597N12151698WA0045900465003015225200017-13
B1913313727595N12151700WA0045800463003015223200017-05
B1913323727594N12151702WA0045700462003015224200017-10
B1913333727592N12151704WA0045600461003015224199016-14
B1913343727590N12151706WA0045400460003015223199016-16
B1913353727589N12151708WA0045300458003016217199016-07
B1913363727587N12151710WA0045200457003016221199016-03
B1913373727585N12151712WA0045200457003017219200016001
B1913383727583N12151714WA0045200456003018225200016000
B1913393727581N12151717WA0045100456003019231198016-09
B1913403727580N12151719WA0044900455003017242200016-20
B1913413727579N12151722WA0044700453003013247200017-19
B1913423727578N12151724WA0044500452003011232200017-23
B1913433727578N12151725WA0044200450003009219200017-25
B1913443727576N12151725WA0043900448003009182201017-19
B1913453727575N12151722WA0043600446003020123200017-18
B1913463727573N12151718WA0043400444003023109201017-21
B1913473727573N12151713WA0043200442003025091201017-17
B1913483727576N12151706WA0042900439003033069200017-22
B1913493727580N12151698WA0042700437003040058200017-24
B1913503727585N12151690WA0042500434003046051200017-22
B1913513727590N12151683WA0042300431003052046200017-19
B1913523727597N12151675WA0042100429003056041201017-10
B1913533727603N12151668WA0042000427003057039201018-09
B1913543727610N12151661WA0042000427003057041202019-01
B1913553727616N12151653WA0042100426003058046203019003
B1913563727622N12151645WA0042200425003056050206020017
B1913573727627N12151637WA0042400425003054054207020011
B1913583727630N12151629WA0042500426003044068207020015
B1913593727631N12151622WA0042600428003037079207020016
B1914003727632N12151616WA0042600429003031080207020005
B1914013727632N12151611WA0042700430003026080206020004
B1914023727632N12151607WA0042700430003024087205020-02
B1914033727632N12151602WA0042600431003025092205020001
B1914043727632N12151597WA0042600430003027102205020-01
B1914053727631N12151593WA0042500430003025108206020-04
B1914063727629N12151589WA0042500430003023117205020-05
B1914073727628N12151585WA0042400430003021125205020-04
B1914083727626N12151582WA0042400430003019129205020002
B1914093727624N12151579WA0042500430003018134205020009
B1914103727622N12151577WA0042500430003014140205020008
B1914113727620N12151576WA0042600430003009154206021006
B1914123727619N12151575WA0042600430003006177205021004
B1914133727619N12151576WA0042700431003004177206022006
B1914143727619N12151578WA0042700431003010303206022008
B1914153727622N12151581WA0042700432003020326209023000
B1914163727626N12151583WA0042700432003024340210023-05
B1914173727630N12151584WA0042600432003025339212023-10
B1914183727634N12151586WA0042400431003025335213023-18
B1914193727638N12151589WA0042300430003028329214023-05
B1914203727641N12151592WA0042400430003029314214023013
B1914213727644N12151596WA0042400430003027317213023010
B1914223727645N12151599WA0042600431003014302214023007
B1914233727645N12151601WA0042700431003007299215024015
B1914243727645N12151602WA0042800431003000299215024012
B1914253727644N12151602WA0042700432003000299215025-05
B1914263727643N12151603WA0042700432003001299214025-04
B1914273727643N12151604WA0042600429003008237214025-02
B1914283727642N12151605WA0042500429003010257214025-09
B1914293727642N12151607WA0042500428003011277215025-07
B1914303727642N12151609WA0042400428003011286215025-09
B1914313727643N12151611WA0042300427003010276215025-14
B1914323727643N12151613WA0042000425003010250214025-22
B1914333727642N12151615WA0041800424003013240214025-13
B1914343727641N12151618WA0041700422003017254214024-11
B1914353727640N12151621WA0041600421003020262213024000
B1914363727640N12151625WA0041600420003020275213024-05
B1914373727640N12151629WA0041400420003019283213024-13
B1914383727641N12151632WA0041300419003018282213024-17
B1914393727642N12151636WA0041000417003019280213024-22
B1914403727643N12151639WA0040700415003022287213024-22
B1914413727644N12151643WA0040500413003022288212024-25
B1914423727645N12151648WA0040300411003024283212024-10
B1914433727646N12151652WA0040200409003029288212024-01
B1914443727647N12151658WA0040300408003033291210024015
B1914453727649N12151664WA0040500406003033297208023026
B1914463727651N12151670WA0040600405003033296206023015
B1914473727652N12151674WA0040600405003027296205023-03
B1914483727653N12151677WA0040600404003019302205023-06
B1914493727654N12151679WA0040500404003014285206023-14
B1914503727653N12151682WA0040400404003016263206023001
B1914513727652N12151685WA0040400403003020252205023002
B1914523727650N12151688WA0040400404003020240205023010
B1914533727647N12151691WA0040600405003020231206022022
B1914543727644N12151694WA0040700407003020227205022021
B1914553727642N12151697WA0040900408003017227205021016
B1914563727640N12151699WA0041000410003013227205021008
B1914573727639N12151700WA0041000410003010210205020-02
B1914583727638N12151700WA0041000411003011192205020-07
B1914593727637N12151701WA0040900410003010186206021-05
B1915003727635N12151701WA0040900409003011206205021003
B1915013727634N12151702WA0040800410003010211206021001
B1915023727633N12151703WA0040800410003009193206021-05
B1915033727631N12151702WA0040700409003011167206021-10
B1915043727629N12151701WA0040400409003013152206021-16
B1915053727628N12151698WA0040200408003021127206021-20
B1915063727626N12151694WA0040000407003024120206021-19
B1915073727624N12151688WA0039800406003031107207021-15
B1915083727624N12151680WA0039700404003036095208021-15
B1915093727624N12151672WA0039400402003041088210021-19
B1915103727625N12151664WA0039300399003044083212021-15
B1915113727626N12151654WA0039300396003049082213021004
B1915123727628N12151644WA0039200395003048083214021-02
B1915133727628N12151635WA0039200394003045085215021-10
B1915143727629N12151627WA0039000393003043084215021-12
B1915153727630N12151619WA0038800392003044082215021-12
B1915163727631N12151610WA0038800390003046082215021002
B1915173727632N12151601WA0038800390003046082215021010
B1915183727633N12151593WA0039000389003043083214021013
B1915193727633N12151586WA0039100389003043083214021016
B1915203727633N12151579WA0039200389003033092213021012
B1915223727631N12151569WA0039300392003030097213021014
B1915233727629N12151564WA0039400392003027102212021011
B1915243727627N12151561WA0039600393003026113212021017
B1915253727625N12151558WA0039700394003021139212021023
B1915263727622N12151556WA0039900395003020145212021028
B1915273727620N12151554WA0040300397003017150212021036
B1915283727618N12151553WA0040600398003011156212021024
B1915293727617N12151553WA0040800400003007178212021025
B1915303727616N12151555WA0041100402003008244212021024
B1915313727616N12151557WA0041300403003011268213021037
B1915323727616N12151559WA0041500406003011289213021020
B1915333727616N12151561WA0041700409003008298213022012
B1915343727617N12151563WA0041700412003007309213022-05
B1915353727617N12151564WA0041600413003007326214022-10
B1915363727617N12151564WA0041500415003005326215023002
B1915373727616N12151564WA0041500416003006182215023006
B1915383727614N12151563WA0041600417003012136215023013
B1915393727612N12151560WA0041700418003015123214024005
B1915403727610N12151557WA0041800419003018115214024010
B1915413727609N12151552WA0041800420003024111214024009
B1915423727608N12151548WA0041900419003021114213024009
B1915433727606N12151545WA0041900420003016125213024004
B1915443727605N12151545WA0041900421003007215212024-01
B1915453727605N12151548WA0041800421003014273212024001
B1915463727606N12151551WA0041700422003018288212024001
B1915473727607N12151555WA0041800422003018290212024-03
B1915483727608N12151558WA0041700421003017277212024-05
B1915493727608N12151562WA0041600420003018276211023-01
B1915503727609N12151565WA0041700420003020285211023004
B1915513727610N12151569WA0041700420003022284211023-02
B1915523727611N12151573WA0041600420003022285210022-04
B1915533727612N12151577WA0041600419003022283210022-06
B1915543727613N12151582WA0041600419003023284210022002
B1915553727614N12151586WA0041600419003024294210022010
B1915563727616N12151590WA0041700419003025305210022005
B1915573727618N12151594WA0041700418003026314210022-04
B1915583727621N12151597WA0041600418003026311210022-09
B1915593727625N12151601WA0041500416003030311211023-07
B1916003727628N12151605WA0041400416003032311211023-08
B1916013727631N12151610WA0041400416003033310211023003
B1916023727634N12151615WA0041400416003032309211023003
B1916033727637N12151620WA0041300416003033313210023-03
B1916043727640N12151624WA0041400416003032314210023001
B1916053727644N12151628WA0041300416003031318210023-02
B1916063727647N12151632WA0041200415003029319210023-10
B1916073727651N12151635WA0041100414003030318211023-14
B1916083727655N12151639WA0041100413003036322211023-06
B1916093727660N12151643WA0041000413003042330211023004
B1916103727666N12151647WA0040900412003042333211023-01
B1916113727671N12151650WA0041000413003041340210023004
B1916123727677N12151653WA0041000413003039341210023004
B1916133727683N12151655WA0041000412003038337209023-04
B1916143727688N12151658WA0040900412003038332209023-03
B1916153727693N12151662WA0040900412003039328209023-02
B1916163727698N12151666WA0040800411003039322208023-06
B1916173727702N12151671WA0040800411003037317207024-01
B1916183727706N12151675WA0040700410003035310207023-01
B1916193727709N12151680WA0040800410003031302206023-01
B1916203727711N12151685WA0040700409003026292206023-07
B1916213727712N12151690WA0040500408003023287206023-12
B1916223727713N12151694WA0040400407003022288206023-07
B1916233727715N12151698WA0040300406003021286206023-18
B1916243727716N12151701WA0040100405003019287207023-14
B1916253727716N12151705WA0039900403003019277207023-22
B1916263727716N12151708WA0039800402003019263207023-17
B1916273727716N12151712WA0039600400003019252206023-12
B1916283727715N12151715WA0039400398003016251206023-05
B1916293727714N12151717WA0039300398003012247206023-09
B1916303727713N12151719WA0039300397003009230206023-11
B1916313727712N12151720WA0039100396003009216206023-18
B1916323727711N12151721WA0039000395003013213206023-05
B1916333727709N12151722WA0038900393003014211207023000
B1916343727707N12151723WA0038900392003012221207023004
B1916353727706N12151725WA0039000392003008229207023004
B1916363727706N12151725WA0038900392003004229207023-06
B1916373727706N12151726WA0038900391003004229206023-13
B1916383727706N12151727WA0038600390003004229206023-28
B1916393727705N12151728WA0038300389003008221207023-27
B1916403727704N12151729WA0038100387003011211207023-16
B1916413727702N12151731WA0037900385003018218207023-08
B1916423727700N12151733WA0037800384003017217207023-02
B1916433727698N12151735WA0037800384003014210207022001
B1916443727696N12151736WA0037800383003012222207022-06
B1916453727695N12151738WA0037600382003012228207022-16
B1916463727694N12151740WA0037400380003014233207022-21
B1916473727693N12151743WA0037200378003017227207022-22
B1916483727691N12151745WA0037000376003020218207022-09
B1916493727688N12151747WA0036900374003018214207021-05
B1916503727686N12151749WA0036900373003018217206021002
B1916513727683N12151751WA0036900373003018212207021-03
B1916523727681N12151753WA0036800373003015213207021004
B1916533727679N12151754WA0036800373003013213206021-06
B1916543727678N12151756WA0036700372003012222206021-03
B1916553727676N12151758WA0036700372003013230207022-12
B1916563727675N12151759WA0036500371003014230207022-07
B1916573727674N12151762WA0036500370003015228207022-08
B1916583727672N12151764WA0036400369003018226207022-04
B1916593727670N12151766WA0036600369003018232207022021
B1917003727668N12151769WA0036900368003018237206022042
B1917013727666N12151772WA0037300368003018226206021056
B1917023727665N12151774WA0037700368003015230206021037
B1917033727665N12151776WA0037900370003011303206021015
B1917043727666N12151778WA0038000372003011324207021011
B1917053727668N12151779WA0038000373003009323207022-02
B1917063727669N12151780WA0037800374003008307209023-11
B1917073727669N12151781WA0037800375003007270209023-07
B1917083727668N12151782WA0037700375003008223209023000
B1917093727667N12151783WA0037600375003009201209023-10
B1917103727666N12151784WA0037600375003010204209023-09
B1917113727664N12151785WA0037600375003014223209024007
B1917123727662N12151787WA0037700376003015235209024017
B1917133727661N12151790WA0037700377003014241208024014
B1917143727660N12151792WA0037800378003009249209024004
B1917153727660N12151793WA0037900380003004249208024008
B1917163727660N12151793WA0038000381003000249208024003
B1917173727660N12151794WA0038000381003000249208025003
B1917183727660N12151794WA0037900382003000249208025-07
B1917193727659N12151794WA0037900382003000249208025-01
B1917203727659N12151795WA0037800383003001249208026-03
B1917213727658N12151795WA0037800383003007188208026-06
B1917223727657N12151795WA0037700383003008191208026-02
B1917233727655N12151795WA0037700383003010187209025-03
B1917243727654N12151795WA0037700384003010188209025001
B1917253727652N12151796WA0037700384003011180209025002
B1917263727650N12151795WA0037600384003010186209024-01
B1917273727649N12151796WA0037600383003009210209024-06
B1917283727648N12151797WA0037500383003012238208024-05
B1917293727648N12151800WA0037400383003016261208024-04
B1917303727648N12151803WA0037400383003021277207024-06
B1917313727649N12151808WA0037300382003025287207023-12
B1917323727651N12151812WA0037100381003026290206023-17
B1917333727653N12151817WA0037000379003028289206023-21
B1917343727654N12151822WA0036800377003031284205023-12
B1917353727655N12151828WA0036600376003033281205022-06
B1917363727656N12151834WA0036600375003031281204022001
B1917373727656N12151840WA0036500375003027282204022-09
B1917383727658N12151844WA0036400374003025282203022-09
B1917393727658N12151849WA0036300372003026275204022-13
B1917403727659N12151854WA0036200370003027265204022-05
B1917413727658N12151859WA0036200369003028266204022013
B1917423727658N12151865WA0036400368003028269204022014
B1917433727658N12151870WA0036400368003029273204022014
B1917443727658N12151875WA0036500369003025279204021004
B1917453727658N12151878WA0036600369003018284204022003
B1917463727659N12151881WA0036600369003014273205022-03
B1917473727658N12151884WA0036500369003011255206022004
B1917483727657N12151885WA0036500369003009224206022-07
B1917493727657N12151886WA0036300367003011209206022-13
B1917503727655N12151887WA0036100365003015209206022-20
B1917513727653N12151889WA0035800363003017213205022-21
B1917523727651N12151891WA0035600361003017215206022-21
B1917533727649N12151892WA0035400359003016206206022-19
B1917543727647N12151893WA0035300357003016193206021-17
B1917553727645N12151893WA0035000355003017181205021-21
B1917563727642N12151893WA0034900353003018187206021-15
B1917573727640N12151894WA0034700352003017195206021-11
B1917583727637N12151895WA0034600350003016199206021-19
B1917593727635N12151896WA0034300348003016195206021-25
B1918003727632N12151896WA0034100346003017183206021-23
B1918013727630N12151896WA0033800343003019175206021-22
B1918023727627N12151896WA0033600341003020177206021-16
B1918033727624N12151895WA0033500339003019180207021-05
B1918043727621N12151895WA0033400338003017184207021-10
B1918053727618N12151896WA0033300337003015189207021-03
B1918063727616N12151896WA0033300337003012199207021-03
B1918073727615N12151897WA0033300336003012217206021-07
B1918083727613N12151899WA0033100335003014235206022-10
B1918093727612N12151902WA0033000333003019250207022-14
B1918103727612N12151906WA0032800331003025264207021-13
B1918113727613N12151912WA0032600329003031277206021-14
B1918123727614N12151919WA0032500328003038289205021-09
B1918133727617N12151927WA0032500327003044293204021003
B1918143727618N12151935WA0032600328003041289202021011
B1918153727620N12151942WA0032800327003039289200021011
B1918163727622N12151948WA0032900327003032289200021009
B1918173727623N12151953WA0033000327003028292200021007
B1918183727624N12151958WA0032900328003028288199021001
B1918193727625N12151962WA0032900329003028286200020-03
B1918203727626N12151967WA0032800329003028282199020-03
B1918213727627N12151973WA0032900328003030275199020001
B1918223727627N12151978WA0032900329003032275198020012
B1918233727627N12151984WA0033000330003032273198020018
B1918243727627N12151990WA0033200331003030270197020018
B1918253727626N12151996WA0033400333003028263197020014
B1918263727625N12152001WA0033500334003026255196019015
B1918273727624N12152005WA0033600335003025245196019013
B1918283727622N12152009WA0033600336003023239197019007
B1918293727620N12152012WA0033800337003022234197019012
B1918303727618N12152015WA0034000339003022224196019025
B1918313727615N12152018WA0034200341003020211197019024
B1918323727613N12152019WA0034400343003018201197019021
B1918333727610N12152020WA0034600345003015187197019016
B1918343727608N12152020WA0034700347003014170197019014
B1918353727606N12152019WA0034900348003017157197018014
B1918363727603N12152017WA0035000349003021144197018018
B1918373727601N12152014WA0035200350003026130199018021
B1918383727599N12152009WA0035400352003027112198018024
B1918393727600N12152002WA0035500352003031086197018018
B1918403727604N12151995WA0035600355003037050195018012
B1918413727609N12151990WA0035700357003038037193017015
B1918423727615N12151988WA0035900358003037019193017024
B1918433727622N12151989WA0036100359003039351193016028
B1918443727628N12151992WA0036400363003039342194016033
B1918453727633N12151995WA0036700368003037337195016026
B1918463727637N12151997WA0036900371003029325197016014
B1918473727641N12152000WA0037000372003028321200016013
B1918483727644N12152004WA0037100374003030314203016012
B1918493727647N12152009WA0037100375003029303205016010
B1918503727648N12152015WA0037300377003028285205016022
B1918513727647N12152020WA0037500378003023269206016028
B1918523727646N12152024WA0037800380003018257207017025
B1918533727645N12152027WA0037900381003014234207017017
B1918543727643N12152028WA0038100383003014201207017020
B1918553727640N12152029WA0038200384003015177207017012
B1918563727638N12152028WA0038300386003016162207017010
B1918573727635N12152026WA0038300388003018130207017014
B1918583727634N12152022WA0038400390003023112207018017
B1918593727634N12152017WA0038500391003025087206018011
B1919003727636N12152011WA0038600392003029068203017008
B1919013727639N12152005WA0038700393003033057202016014
B1919023727644N12151999WA0038800395003042042200016018
B1919033727650N12151994WA0039100396003047031199015037
B1919043727656N12151990WA0039400400003047025200015029
B1919053727662N12151987WA0039800403003039020199014035
B1919063727667N12151985WA0040000406003036012199013020
B1919073727673N12151983WA0040000408003037012198013015
B1919083727678N12151984WA0040200411003036358198013026
B1919093727682N12151988WA0040500413003036330198013031
B1919103727686N12151994WA0040600416003033310199013019
B1919113727688N12151999WA0040900418003029286198013024
B1919123727688N12152004WA0041100420003022266199013034
B1919133727687N12152009WA0041300423003019254199013015
B1919143727685N12152011WA0041500425003014237200013019
B1919163727684N12152011WA0041600424003009216201014013
B1919173727683N12152010WA0041600422003010126201014006
B1919183727682N12152008WA0041700422003016112201014006
B1919193727681N12152004WA0041800422003020109199014016
B1919203727680N12151999WA0041800422003024093198014020
B1919213727681N12151993WA0042100422003024093198014024
B1919223727683N12151986WA0042300423003033074197014029
B1919233727685N12151980WA0042600424003033066194013019
B1919243727689N12151975WA0042700425003035044193013008
B1919253727694N12151970WA0042800426003035037193013016
B1919263727700N12151966WA0043100427003044029193013041
B1919273727706N12151962WA0043500429003045025193013043
B1919283727713N12151959WA0043800431003046020193013034
B1919293727719N12151958WA0044100433003042008192014030
B1919303727725N12151960WA0044300435003037353194014030
B1919313727730N12151962WA0044500437003034342194013020
B1919323727735N12151966WA0044700441003032337194013016
B1919333727739N12151969WA0044900442003031321194013021
B1919343727743N12151974WA0045000445003029311194013020
B1919353727744N12151979WA0045200447003026297194013025
B1919363727744N12151984WA0045500449003022269194013037
B1919373727743N12151988WA0045900451003018261194013033
B1919383727741N12151991WA0046100454003014234194013026
B1919393727739N12151992WA0046400457003013203194014026
B1919403727736N12151991WA0046500459003015169194014020
B1919413727734N12151990WA0046700461003015154193014020
B1919423727732N12151984WA0047000462003026109193014036
B1919433727731N12151979WA0047200464003028095193014030
B1919443727731N12151973WA0047500467003027069192014028
B1919453727734N12151968WA0047800471003035042192014028
B1919463727739N12151964WA0048000475003038030192014026
B1919473727744N12151961WA0048100477003037022192014020
B1919483727751N12151961WA0048300480003040357192014024
B1919493727757N12151963WA0048400482003038343192014022
B1919503727762N12151968WA0048900485004039327192014045
B1919513727766N12151973WA0049200489003038319192014032
B1919523727769N12151978WA0049500493003028305192014029
B1919533727770N12151983WA0049800496003022277192014024
B1919543727769N12151987WA0049900499003022261192014025
B1919553727767N12151991WA0050000500003025240190014009
B1919563727766N12151995WA0050100501003022232190014020
B1919573727763N12151997WA0050400503003020211189013024
B1919583727761N12151999WA0050700506003019191189013035
B1919593727757N12151999WA0050900509003018178189013031
B1920003727755N12151998WA0051200511003016156189013022
B1920013727753N12151996WA0051300514003016135189013018
B1920023727752N12151992WA0051500516003019110189013024
B1920033727753N12151987WA0051700518003024089189013029
B1920043727754N12151980WA0052000520003029074188013034
B1920053727757N12151973WA0052300523003034063188013029
B1920063727763N12151968WA0052500526003041033188013025
B1920073727769N12151964WA0052700528003039023187013032
B1920083727775N12151963WA0053000530003039009187012043
B1920093727782N12151965WA0053300533003044356187013034
B1920103727789N12151970WA0053700535003040332185013029
B1920113727793N12151976WA0053900539003032310187013025
B1920123727797N12151981WA0054100536003030307185013024
B1920133727798N12151986WA0054200538003026286185013020
B1920143727797N12151994WA0054400541003033270183013023
B1920153727797N12152001WA0054500544003032258182013016
B1920163727795N12152007WA0054700546003031249178012019
B1920173727792N12152010WA0054900547003023229178012034
B1920183727789N12152009WA0055100549003019172178012027
B1920193727786N12152007WA0055400551003017149180011028
B1920203727784N12152004WA0055700553003016124178011030
B1920213727784N12152000WA0055900556003022081178011030
B1920223727787N12151994WA0056200558003031057178011028
B1920233727791N12151989WA0056500560003041034178011039
B1920243727797N12151986WA0056800562003044022178012032
B1920253727803N12151986WA0057000564003045359178012023
B1920263727810N12151988WA0057200567003043338177012026
B1920273727815N12151993WA0057400569003042329177012028
B1920283727819N12151999WA0057600572003040317175013020
B1920293727822N12152006WA0057800575003037300175013015
B1920303727824N12152012WA0057900578003036291173013014
B1920313727825N12152019WA0058000580003034273170013013
B1920323727824N12152026WA0058100581003035253168012019
B1920333727822N12152032WA0058300582003034238166012020
B1920343727819N12152037WA0058500584003029230166012029
B1920353727816N12152040WA0058700587003026227164012021
B1920373727812N12152047WA0058800591003021231166012012
B1920383727810N12152050WA0058900593003019230166012007
B1920393727809N12152053WA0059000594003019242166012014
B1920403727809N12152057WA0059100595003021250168012015
B1920413727808N12152061WA0059100595003021253170012001
B1920423727807N12152064WA0059100596003021245172012-09
B1920433727805N12152068WA0059000595003021243173013-05
B1920443727804N12152071WA0058900596003020238173013-14
B1920453727802N12152074WA0058600595003020231173013-15
B1920463727799N12152076WA0058500595003020222174013-13
B1920473727796N12152077WA0058400594003023210175013-06
B1920483727793N12152079WA0058300593003022202175013-07
B1920493727792N12152080WA0058100592003018206173013-15
B1920503727790N12152081WA0058000590003014211175013-16
B1920513727788N12152082WA0058000589003013208175013-05
B1920523727787N12152082WA0057800588003012192175013-01
B1920533727785N12152081WA0057700587003010175175013-09
B1920543727784N12152080WA0057700587003008148175014-09
B1920553727783N12152079WA0057600586003009153174014-10
B1920563727782N12152078WA0057400584003010171174014-10
B1920573727781N12152078WA0057300583003010170174014-10
B1920583727779N12152078WA0057200581003009164174014-12
B1920593727778N12152077WA0057100580003009159174014-13
B1921003727777N12152076WA0057000579003010165174014-05
B1921013727775N12152076WA0057000579003010173174014007
B1921023727774N12152076WA0057100579003009177174014005
B1921033727772N12152076WA0057100580003008165174014003
B1921043727771N12152075WA0057100580003010171174014000
B1921053727769N12152075WA0057200580003011181174014002
B1921063727767N12152076WA0057100580003012194174014004
B1921073727766N12152076WA0057000579003011196176015-14
B1921083727764N12152077WA0057000579003009198176015-07
B1921093727763N12152077WA0056900578003011194176015-04
B1921103727761N12152078WA0056800576003014190176015-03
B1921113727759N12152078WA0057000576003014197176015013
B1921123727757N12152079WA0057100576003016199176015030
B1921133727755N12152080WA0057300576003011201176015016
B1921143727755N12152081WA0057400577003005201176015003
B1921153727754N12152080WA0057400577003004201176016-02
B1921163727754N12152080WA0057300577003009146176016002
B1921173727752N12152079WA0057200576003012165176016-05
B1921183727751N12152079WA0057100576003011188176016-03
B1921193727749N12152079WA0057000575003010206176016-13
B1921203727748N12152080WA0056900574003012196176016-10
B1921213727746N12152080WA0056800573003014180176016-04
B1921223727744N12152080WA0056800573003014170176016-02
B1921233727742N12152079WA0056700572003011174176016-07
B1921243727741N12152079WA0056600571003010186176016-11
B1921253727739N12152079WA0056500570003010194176015-05
B1921263727738N12152080WA0056400569003011193176015-07
B1921273727736N12152080WA0056400569003012186176015-03
B1921283727734N12152080WA0056400569003011178176015004
B1921293727733N12152080WA0056400569003007174176015001
B1921303727732N12152079WA0056300569003004174176015-04
B1921313727731N12152079WA0056200569003005174176016-14
B1921323727731N12152079WA0056100568003007158176016-15
B1921333727730N12152078WA0055900567003011149176016-16
B1921343727728N12152077WA0055700566004012153176016-13
B1921353727727N12152076WA0055600565004012162176016-10
B1921363727725N12152076WA0055500565003011171176016-03
B1921373727724N12152075WA0055500564003009183176015-08
B1921383727722N12152076WA0055400563003009178176015-10
B1921393727721N12152076WA0055300562003011173176015-13
B1921403727719N12152075WA0055200561003014168176015-09
B1921413727717N12152074WA0055000560003015165176015-08
B1921423727715N12152074WA0054900559003015168176015-06
B1921433727712N12152073WA0054800558003014173176015-09
B1921443727710N12152073WA0054800558003014179176014-10
B1921453727708N12152073WA0054700556003014181176014-09
B1921463727706N12152073WA0054600555003013178176014-09
B1921473727705N12152072WA0054500554003011174176015-11
B1921483727703N12152072WA0054300553003010165176015-12
B1921493727702N12152071WA0054100551003010159176015-18
B1921503727701N12152071WA0054000549003012165176015-16
B1921513727699N12152070WA0053900547003014172176015-11
B1921523727697N12152070WA0053700546003014174176015-03
B1921533727695N12152069WA0053600545003011168176015-03
B1921543727693N12152069WA0053600545003009155176015-07
B1921553727692N12152068WA0053400544003009155176015-26
B1921563727691N12152068WA0053100542003010169176015-27
B1921573727689N12152067WA0052900541003011173176015-27
B1921583727687N12152067WA0052600539003015171176015-19
B1921593727685N12152066WA0052500537003020165176015000
B1922003727682N12152065WA0052400536003018174176014-16
B1922013727679N12152065WA0052300534003015188176014-07
B1922023727677N12152066WA0052200533003016210176014-11
B1922033727676N12152069WA0052000531003017231176014-21
B1922043727675N12152073WA0051700529003024257176014-21
B1922053727676N12152079WA0051400526003032280177014-15
B1922063727680N12152085WA0051300523003040311176014-08
B1922073727685N12152090WA0051200521003040319174015-07
B1922083727693N12152091WA0051100521003044350174015-22
B1922093727701N12152087WA0050800519003041017174015-28
B1922103727706N12152081WA0050700516003036038174015-14
B1922113727708N12152074WA0050600513003029066174015-23
B1922123727707N12152067WA0050100511003030088176015-39
B1922133727707N12152063WA0049700508003022089174015-39
B1922143727705N12152064WA0049300506003010105175015-24
B1922153727706N12152067WA0049000504003004105173016-32
B1922163727708N12152070WA0048600505003009350172016-46
B1922173727712N12152070WA0048400503003015016172016-39
B1922183727717N12152068WA0048100501003025023169017-23
B1922193727719N12152065WA0047700498003015056166016-31
B1922203727718N12152063WA0047400496003008099165016-28
B1922213727716N12152063WA0047100493003006186165017-16
B1922223727715N12152066WA0046900491003009260165017-08
B1922233727717N12152072WA0046900490003026296166017-09
B1922243727719N12152077WA0046800488003029300166017-14
B1922253727721N12152082WA0046600485003031296167017-18
B1922263727723N12152088WA0046400482003032291169017-21
B1922273727725N12152095WA0046200479003040287167017-11
B1922283727726N12152104WA0046100478003045280166017-03
B1922293727727N12152112WA0046300477003045270164017025
B1922303727726N12152120WA0046500477003036254162017029
B1922313727724N12152126WA0046700478003030244160017020
B1922323727723N12152130WA0046900478003020228160017021
B1922333727721N12152132WA0047000479003018220158017019
B1922343727719N12152133WA0047200480003011194158017018
B1922353727718N12152133WA0047300481003010213159017012
B1922363727717N12152135WA0047300482003013219159017007
B1922373727715N12152136WA0047400482003018216160017006
B1922383727713N12152138WA0047400482003020210158017008
B1922393727710N12152140WA0047400483003020198157016007
B1922403727707N12152140WA0047500483003020187157016008
B1922413727704N12152141WA0047500483003020180157016004
B1922423727701N12152140WA0047500483003020177156016006
B1922433727698N12152140WA0047500483003020175155015-02
B1922443727695N12152140WA0047500483003019178155015-03
B1922453727693N12152140WA0047500483003017180155014005
B1922463727690N12152139WA0047500483003015172155015-01
B1922473727688N12152139WA0047400482003015157155015-15
B1922483727686N12152137WA0047200480003016146156015-15
B1922493727684N12152136WA0047000479003018150156015-16
B1922503727682N12152134WA0046800477003018165156015-18
B1922513727679N12152134WA0046700476003019179157015-07
B1922523727676N12152134WA0046700475003016183157015-02
B1922533727674N12152133WA0046500475003013170156015-08
B1922543727673N12152132WA0046300474003013128156015-23
B1922553727672N12152129WA0046200473003017106156015-11
B1922563727672N12152124WA0046000471003025091156015001
B1922573727675N12152116WA0045900468003033066156015-10
B1922583727680N12152110WA0045500466003040038156015-27
B1922593727687N12152107WA0045300464003043017158016-26
B1923003727694N12152108WA0045000462003041353157016-23
B1923013727701N12152113WA0044800459003045325157016-35
B1923023727704N12152120WA0044300457003039304157016-38
B1923033727705N12152126WA0044100454003029282157016-25
B1923043727704N12152131WA0044000452003020274159016-02
B1923053727701N12152131WA0044000450003011216159016008
B1923063727700N12152127WA0043700446003007141160017-09
B1923073727701N12152122WA0043400443003012064158017-18
B1923083727707N12152117WA0043100441003023026156017-15
B1923093727714N12152116WA0042900439003033359154016-21
B1923103727722N12152120WA0042700435003040332153016-25
B1923113727727N12152124WA0042500433003038324153016-25
B1923123727731N12152129WA0042200430003035316151016-25
B1923133727735N12152134WA0041800427003036308151016-24
B1923143727737N12152141WA0041700424003040296150016-18
B1923153727739N12152148WA0041600423003038288149016-03
B1923163727740N12152154WA0041500422003029266150016-05
B1923173727738N12152159WA0041500421003025232149015023
B1923183727735N12152162WA0041800421003024219149015029
B1923193727731N12152164WA0042000420003023216147015033
B1923203727729N12152167WA0042300420003019220147015025
B1923213727727N12152169WA0042400421003017225147015010
B1923223727727N12152170WA0042400422003005225148016-08
B1923233727727N12152170WA0042300422003004225149016-15
B1923243727727N12152171WA0041900422003008245150017-17
B1923253727725N12152172WA0041800420003013216151017-14
B1923263727724N12152173WA0041600419003012209152017-02
B1923273727721N12152174WA0041600417003013201153017009
B1923283727718N12152175WA0041700416003016198153017013
B1923293727715N12152175WA0041900416003014194153018016
B1923303727713N12152174WA0042000415003011190153018010
B1923313727711N12152174WA0042100416003013171153018006
B1923323727709N12152173WA0042200416003017161154017012
B1923333727706N12152172WA0042200417003017152153017020
B1923343727704N12152170WA0042400417003015151152016013
B1923353727702N12152169WA0042400418003009149152016007
B1923363727701N12152168WA0042300418003004149153017-08
B1923373727701N12152168WA0042200418003004149152017-16
B1923383727701N12152168WA0042000418003004149153017-17
B1923393727700N12152168WA0041900418003006144153018-11
B1923403727699N12152167WA0041800418003012149154018-02
B1923413727697N12152164WA0041700417003018141153018001
B1923423727694N12152162WA0041700417003017147152017001
B1923433727692N12152160WA0041800417003015145153017013
B1923443727691N12152159WA0041800418003013138152016004
B1923453727689N12152157WA0041900418003011141152016005
B1923463727688N12152156WA0041900419003008161152016011
B1923473727687N12152156WA0041900419003007193153017-07
B1923483727685N12152157WA0041900419003009211153017003
B1923493727684N12152157WA0041900419003007181154017001
B1923503727683N12152157WA0041900419003010149154018002
B1923513727682N12152155WA0042000418003017128154017010
B1923523727680N12152151WA0042000419003020122154017016
B1923533727679N12152147WA0042100419003021111155017006
B1923543727678N12152143WA0042000420003023098156017-05
B1923553727677N12152139WA0041900420003021104155016-16
B1923563727676N12152135WA0041800419003020113155016-17
B1923573727675N12152132WA0041500419003019123156016-26
B1923583727673N12152129WA0041300418003020124156016-16
B1923593727671N12152126WA0041100416003024130157016-11
B1924003727669N12152122WA0040900415003024129156015-19
B1924013727666N12152119WA0040700412003022134155015-18
B1924023727664N12152116WA0040600411003021145156014-06
B1924033727662N12152114WA0040600410003019145155014-02
B1924043727660N12152111WA0040500410003015133155014-09
B1924053727658N12152109WA0040400409003016119155014-17
B1924063727658N12152106WA0040100407003016111154014-27
B1924073727657N12152103WA0039900405003019116154014-24
B1924083727655N12152100WA0039700402003020129155014-17
B1924093727653N12152097WA0039500400003023138155014-12
B1924103727651N12152094WA0039300399003021136155014-09
B1924113727649N12152091WA0039300398003018133155014-10
B1924123727647N12152089WA0039100397003014131155014-18
B1924133727646N12152088WA0038900394003011145154015-29
B1924143727644N12152087WA0038500392003013158154015-32
B1924153727643N12152087WA0038200389003014164155015-24
B1924163727640N12152087WA0038000386003018193154015-17
B1924173727637N12152089WA0037800384003019210152014-21
B1924183727635N12152091WA0037500381003021228152014-22
B1924193727633N12152095WA0037300379003024242153014-22
B1924203727632N12152100WA0037100377003026243154014-20
B1924213727630N12152104WA0036900375003025236154014-13
B1924223727627N12152108WA0036700373003024225154014-16
B1924233727624N12152111WA0036500372003022220153013-11
B1924243727622N12152113WA0036500371003017220153014-13
B1924253727620N12152114WA0036400369003013205154014-10
B1924263727619N12152115WA0036200368003013192153014-26
B1924273727616N12152115WA0035800366003015181153014-25
B1924283727614N12152115WA0035700363003020168153014-12
B1924293727610N12152114WA0035600362003023165153013007
B1924303727607N12152112WA0035600361003023161152013010
B1924313727604N12152109WA0035600361003020137152013-01
B1924323727603N12152106WA0035600361003019118152013-17
B1924333727601N12152103WA0035400360003019112152013-22
B1924343727600N12152100WA0035100358003017118152013-29
B1924353727599N12152098WA0034800356003018133152013-30
B1924363727597N12152096WA0034400354003018140151013-27
B1924373727594N12152095WA0034400351003018165152013-03
B1924383727592N12152094WA0034400349003017168152013014
B1924393727587N12152094WA0034500359003022176152013024
B1924403727584N12152094WA0034700362003022186152013013
B1924413727582N12152093WA0034900363003016179151013016
B1924423727580N12152092WA0035000365003013149151014012
B1924433727578N12152090WA0035100366003020141151013010
B1924443727576N12152087WA0035100367003027121152013013
B1924453727575N12152081WA0035300367003030108154012021
B1924463727575N12152075WA0035300367003027089154012008
B1924473727580N12152067WA0035300367003038052156012003
B1924483727586N12152061WA0035300367003044035156013005
B1924493727594N12152057WA0035400367003048018158013014
B1924503727601N12152055WA0035500367003050010161013009
B1924513727609N12152054WA0035500367003050002164013009
B1924523727617N12152054WA0035600367003049351168014008
B1924533727624N12152057WA0035600367003050341168014007
B1924543727631N12152061WA0035600367003051331168014006
B1924553727637N12152066WA0035500366003046321168014-08
B1924563727642N12152072WA0035500365003044314168014-02
B1924573727647N12152078WA0035600364003042308168014006
B1924583727650N12152084WA0035500363003038304168014-03
B1924593727653N12152090WA0035500362003031295168014-08
B1925003727655N12152095WA0035300361003029289170014-12
B1925013727655N12152100WA0035100359003029275170015-16
B1925023727655N12152106WA0034900357003031263170015-12
B1925033727655N12152112WA0034900355003032263168014-07
B1925043727654N12152118WA0034800354003029262167014001
B1925053727653N12152123WA0034700353003026257168014-09
B1925063727652N12152127WA0034600352003022248168014-13
B1925073727650N12152130WA0034400351003019234169015-12
B1925083727649N12152132WA0034300348003019228169015-16
B1925093727647N12152135WA0034200346003024237169015-09
B1925103727645N12152140WA0034100345003030240169015-09
B1925113727642N12152145WA0034000343003033234167014005
B1925123727638N12152149WA0034200342003033229165014021
B1925133727635N12152154WA0034300342003033227164013019
B1925143727631N12152158WA0034500341003031230163013020
B1925153727629N12152162WA0034500341003026229163013003
B1925163727627N12152162WA0034500341003013213163014-15
B1925173727626N12152163WA0034400341003013209163014-19
B1925183727624N12152164WA0034100340003014206165014-18
B1925193727622N12152164WA0034000339003019202167014-05
B1925203727619N12152165WA0034100338003025193167014019
B1925213727615N12152166WA0034200338003024190167014024
B1925223727611N12152166WA0034400339003020186167014015
B1925233727609N12152165WA0034400341003010154167014-06
B1925243727608N12152163WA0034400340003010125167015-11
B1925253727608N12152161WA0034200340003009123166015-23
B1925263727607N12152160WA0033800340003009134166015-26
B1925273727605N12152158WA0033700338003021169166015-17
B1925283727601N12152157WA0033600336003028172166015024
B1925293727596N12152156WA0033600336003031174165014013
B1925303727592N12152155WA0033700336003030170164013-02
B1925313727588N12152154WA0033600336003023167167013-15
B1925323727585N12152153WA0033400334003018166167013-28
B1925333727583N12152152WA0033000334003018158167013-38
B1925343727581N12152150WA0032600332003019151167013-35
B1925353727578N12152148WA0032200331004021158167013-23
B1925363727574N12152146WA0032100328003031164167013-15
B1925373727569N12152144WA0031900327003032170167013-04
B1925383727564N12152143WA0031900327003031173167013-07
B1925393727559N12152143WA0031800327003027177166012-06
B1925403727556N12152142WA0031700326003024175168012-10
B1925413727552N12152141WA0031600325003024172168012-11
B1925423727548N12152141WA0031400324003022173166012-14
B1925433727545N12152140WA0031200323003021176167013-18
B1925443727542N12152140WA0031200321003022180167013002
B1925453727539N12152140WA0031200320003022181167013017
B1925463727535N12152139WA0031300319003019177167013009
B1925473727533N12152139WA0031400319003016171168014000
B1925483727531N12152137WA0031300319003014150166014-05
B1925493727529N12152136WA0031200319003016142167014-13
B1925503727527N12152134WA0031000317003020148167014-12
B1925513727524N12152132WA0031000316003022157167014004
B1925523727521N12152130WA0031100315003021163167014010
B1925533727518N12152128WA0031100315003019161168014010
B1925543727516N12152126WA0031100315003017150168014-07
B1925553727513N12152125WA0031000315003018146168014-05
B1925563727511N12152123WA0031000314003019151168014-10
B1925573727509N12152121WA0030800312003020156168014-05
B1925583727506N12152119WA0030800312003020152168014-02
B1925593727504N12152116WA0030700311003023138168014-08
B1926003727501N12152112WA0030600310003027123168014-11
B1926013727500N12152107WA0030500308003032109171013-07
B1926023727499N12152100WA0030400307003037097172013001
B1926033727500N12152091WA0030400306003042086174013010
B1926043727503N12152082WA0030500305003047072177013011
B1926053727506N12152073WA0030500305003047064182013001
B1926063727510N12152065WA0030500305003050054186013002
B1926073727516N12152058WA0030600305003051044189014009
B1926083727523N12152052WA0030600304003053036189014006
B1926093727530N12152045WA0030800304003055038188015014
B1926103727536N12152039WA0030900303003055045191015012
B1926113727538N12152031WA0031000304003039071193016015
B1926123727539N12152025WA0031200305003035083194017018
B1926133727537N12152020WA0031300306003026101194017013
B1926143727535N12152016WA0031400307003022118194017008
B1926153727532N12152014WA0031400308003016140194017014
B1926163727529N12152017WA0031400309003019203193017007
B1926173727527N12152020WA0031500307003023231193016012
B1926183727524N12152024WA0031600308003028240193016016
B1926193727522N12152029WA0031800310003027230193016019
B1926203727519N12152032WA0032000313003024216193016018
B1926213727517N12152035WA0032100316003023218193016013
B1926223727514N12152038WA0032100318003022223193016004
B1926233727512N12152041WA0032200320003021227193016015
B1926243727511N12152045WA0032400321003025248193016022
B1926253727510N12152050WA0032600323003028255193016027
B1926263727509N12152055WA0032900325003027254193016034
B1926273727508N12152060WA0033100328003025257193016031
B1926283727507N12152064WA0033400331003023257194016021
B1926293727506N12152069WA0033700334003021254194017028
B1926303727505N12152072WA0033900336003017240195017022
B1926313727503N12152074WA0034000339003016222195017014
B1926323727501N12152075WA0034100340003018175194017023
B1926333727498N12152071WA0034300342003026133195017021
B1926343727496N12152067WA0034500344003029119195017028
B1926353727495N12152061WA0034700346003028102194017018
B1926363727495N12152056WA0034800348003023093193017008
B1926373727495N12152052WA0034800347003019092191018-01
B1926383727495N12152049WA0034800345003021100190018-02
B1926393727494N12152045WA0034700345003024103190018-04
B1926403727493N12152041WA0034800344003027112189018016
B1926413727491N12152035WA0034800345003029116190018019
B1926423727489N12152030WA0034800346003028115191018-07
B1926433727488N12152025WA0034800347003027103192018-10
B1926443727487N12152021WA0034700347003024099192017-17
B1926453727486N12152015WA0034400346003030090192017-22
B1926463727486N12152009WA0034200345003035099193017-12
B1926473727485N12152002WA0034100344003039097193017-05
B1926483727485N12151994WA0034000343003040091194017-01
B1926493727486N12151986WA0033900342003041081195017-04
B1926503727488N12151978WA0033900341003043074195017-11
B1926513727490N12151970WA0033800340003043069195017-13
B1926523727492N12151962WA0033700339003044076195017-05
B1926533727493N12151953WA0033700338003047086197017021
B1926543727494N12151944WA0033700337003047087198017002
B1926553727494N12151936WA0033700337003046082200017-01
B1926563727496N12151927WA0033700337003045070200017-05
B1926573727499N12151920WA0033700336003047064198017005
B1926583727502N12151911WA0033700336003047071200017011
B1926593727504N12151903WA0033800336003045077200017001
B1927003727504N12151896WA0033700336003041093200017000
B1927013727502N12151889WA0033600335003035101200017016
B1927023727498N12151887WA0033700335003023137200017022
B1927033727495N12151886WA0033900335003018148200017014
B1927043727493N12151890WA0034000335003011209200018003
B1927053727492N12151895WA0034000335003014259201018006
B1927063727493N12151900WA0033900335003022267201018-04
B1927073727492N12151906WA0033900336003024257201018002
B1927083727491N12151910WA0034000336003022242201018020
B1927093727488N12151913WA0034000336003016209202019012
B1927103727486N12151913WA0034100337003012155201019000
B1927113727484N12151911WA0034000338003016121201019-08
B1927123727483N12151908WA0033900338003017096200019-11
B1927133727483N12151905WA0033700337003021100197019-14
B1927143727482N12151900WA0033600337003025106196019006
B1927153727480N12151895WA0033500336003031110195019002
B1927163727478N12151889WA0033600335003030109194019005
B1927173727477N12151883WA0033700335003027104194019009
B1927183727476N12151878WA0033700336003027090194019-02
B1927193727477N12151873WA0033700335003030079194019007
B1927203727479N12151867WA0033700336003036071193019004
B1927213727481N12151859WA0033800336003042071193019012
B1927223727483N12151852WA0033900337003042076192018018
B1927233727484N12151844WA0034100339003043076192018012
B1927243727486N12151836WA0034200340003044071192018007
B1927253727489N12151828WA0034100341003046066192018-06
B1927263727492N12151820WA0034000341003045063192018002
B1927273727496N12151813WA0033900341003046053192018-11
B1927283727500N12151806WA0033700341003042058192018-24
B1927293727502N12151799WA0033500341003039072191018-19
B1927303727502N12151792WA0033400338003038095192018012
B1927323727501N12151777WA0033500337003039096192018019
B1927333727499N12151773WA0033500337003041100194018-11
B1927343727499N12151770WA0033300336003025102193019-34
B1927343727499N12151770WA0033000336003017104193019-24
B1927363727497N12151776WA0032800334003005214193019-03
B1927373727498N12151780WA0032600333003015269194019-13
B1927383727499N12151783WA0032400331003017286195020-21
B1927393727500N12151787WA0032300329003017292195020-16
B1927403727500N12151790WA0032400326003014286196020-08
B1927413727499N12151792WA0032000325003015256197020-01
B1927423727497N12151794WA0032000323003016221197020009
B1927433727493N12151794WA0032200323003017205197020017
B1927443727491N12151792WA0032200324003020180197020015
B1927453727490N12151786WA0032300323003018138197020003
B1927463727491N12151778WA0032300322003025106197020005
B1927473727493N12151770WA0032200321003038081197020000
B1927483727493N12151761WA0032100320003043080197020-07
B1927493727494N12151753WA0032000319003043086197020-06
B1927503727494N12151745WA0031900318003041090198020-03
B1927513727494N12151738WA0031900317003038088198020-05
B1927523727494N12151732WA0031800316003034088199020-12
B1927533727493N12151726WA0031600315003031094198020-24
B1927543727491N12151721WA0031400313003029105198020-20
B1927553727488N12151717WA0031200312003030117198020-09
B1927563727485N12151713WA0031100311003030129198020006
B1927573727483N12151709WA0031100309003029134198020-07
B1927583727481N12151709WA0030900308003026133198019-20
B1927593727480N12151711WA0030800307003014170198019-09
B1928003727479N12151714WA0030700305003013220198019004
B1928013727479N12151718WA0030600304003017260199020001
B1928023727480N12151723WA0030700304003018290199020-04
B1928033727481N12151726WA0030700303003015293199020-04
B1928043727482N12151729WA0030500301003010256199020-22
B1928053727481N12151731WA0030200299003014216198020-25
B1928063727479N12151730WA0029900298003017149198019-15
B1928073727477N12151727WA0029800297003019135198019-05
B1928083727476N12151724WA0029900295003018124199019009
B1928093727475N12151719WA0029800296003024100199019000
B1928103727476N12151713WA0029700294003027090197019-08
B1928113727476N12151708WA0029500291003023101196019-18
B1928123727475N12151704WA0029300289003024103196019-20
B1928133727474N12151700WA0029200287003021121195019005
B1928143727472N12151696WA0029300286003020123195020015
B1928153727470N12151693WA0029300284003019119194020009
B1928163727469N12151690WA0029200283003015120193020-10
B1928173727468N12151689WA0029000281003009158193020-25
B1928183727467N12151692WA0028800280003013235193021-09
B1928193727467N12151697WA0028800280003026278193021008
B1928203727468N12151703WA0028700279003026280193021006
B1928213727469N12151707WA0028800279003021286193021000
B1928223727470N12151711WA0028700278003017285193020-10
B1928233727471N12151715WA0028600277003017286193020-16
B1928243727472N12151718WA0028400275003020283192020-15
B1928253727473N12151723WA0028200274003026278192020-01
B1928263727473N12151728WA0028200273003026277193020004
B1928273727473N12151733WA0028200273003023278192020002
B1928283727474N12151736WA0028100274003018280192020-03
B1928293727474N12151740WA0028100274003017277192020-12
B1928303727474N12151743WA0027900272003017270192020-12
B1928313727474N12151746WA0027700271003017266192020-18
B1928323727474N12151749WA0027400269003019264192020-26
B1928333727473N12151753WA0027200268003023265192020-22
B1928343727473N12151758WA0027000266003024265192020-16
B1928353727473N12151762WA0026700265003022276191020-20
B1928363727474N12151766WA0026500263003024282192020-30
B1928373727474N12151771WA0026200261003029281192020-30
B1928383727476N12151777WA0025900258003033283190020-24
B1928393727477N12151784WA0025700257003039292190020-14
B1928403727479N12151791WA0025600255003039294190020-02
B1928413727482N12151797WA0025600254003038296189020-04
B1928423727484N12151803WA0025400253003032295190019-17
B1928433727486N12151809WA0025400252003034294190019-16
B1928443727488N12151815WA0025200251003036294190019-07
B1928453727491N12151821WA0025100249003037298190019-07
B1928463727493N12151827WA0024900248003035299190019-12
B1928473727496N12151833WA0024800247003034298191019-16
B1928483727498N12151839WA0024700246003035297191019-09
B1928493727501N12151845WA0024500245003035303191019-05
B1928503727503N12151850WA0024500244003035307191019-13
B1928513727507N12151856WA0024400243003034304192019-07
B1928523727509N12151861WA0024400242003034298192019-06
B1928533727511N12151867WA0024300241003033290192019004
B1928543727512N12151873WA0024500241003032291192019016
B1928553727513N12151879WA0024700241003033290192019032
B1928563727514N12151884WA0024800241003029288192019013
B1928573727514N12151888WA0024900241003022279192019001
B1928583727514N12151892WA0024900243003020277192019006
B1928593727514N12151895WA0024800243003021264193020-05
B1929003727514N12151899WA0024800243003020268192019-02
B1929013727513N12151902WA0024800243003017271193020002
B1929023727514N12151905WA0024700243003016275194020-11
B1929033727514N12151909WA0024500242003018276194020-25
B1929043727514N12151912WA0024300241003019273194020-21
B1929053727515N12151917WA0024200240003026271194020-07
B1929063727515N12151922WA0024100240003030281194020003
B1929073727516N12151928WA0024100240003030283194020006
B1929083727516N12151933WA0024200241003026285193020009
B1929093727517N12151938WA0024300242003023292193020010
B1929103727519N12151941WA0024300243003022299193020001
B1929113727520N12151945WA0024300243003020287193020-09
B1929123727521N12151949WA0024100243003022278194020-13
B1929133727522N12151953WA0024100242003024275194020-12
B1929143727523N12151958WA0023900241003026282194020009
B1929153727524N12151963WA0024000241003025282195020008
B1929163727525N12151967WA0024000242003021285195020-01
B1929173727526N12151970WA0023900242003016285195020-13
B1929183727527N12151973WA0023800241003017283195020-20
B1929193727528N12151977WA0023500240003020281194020-16
B1929203727528N12151981WA0023400239003025278195021-07
B1929213727529N12151986WA0023400238003026280194020004
B1929223727530N12151991WA0023400237003026284194020006
B1929233727531N12151996WA0023600238003025289194020013
B1929243727533N12152000WA0023600238003024295195020009
B1929253727534N12152004WA0023700238003021284195020-02
B1929263727535N12152008WA0023500237003021275195020-13
B1929273727535N12152011WA0023400237003019258195020-04
B1929283727534N12152015WA0023400236003023250195020-06
B1929293727533N12152019WA0023500236003026256195020016
B1929303727532N12152024WA0023600235003028259193020025
B1929313727533N12152030WA0023700234003026267192019016
B1929323727534N12152034WA0023700235003022279192019-01
B1929333727535N12152038WA0023600234003020286193020-13
B1929343727536N12152040WA0023500233003014278193020-25
B1929353727537N12152043WA0023200231003017281194020-18
B1929363727539N12152047WA0023000229003025299195020-12
B1929373727541N12152051WA0023000229003026303197020-01
B1929383727543N12152055WA0023000227003024302197020010
B1929393727546N12152060WA0022900226003023304198020-06
B1929403727547N12152063WA0022900225003019285198020-10
B1929413727548N12152067WA0022700224003018265199021-06
B1929423727547N12152070WA0022500223003019248200021-12
B1929433727544N12152073WA0022300221003022208199021-13
B1929443727540N12152073WA0022300222003024186200020004
B1929453727536N12152073WA0022100221003024167200020-14
B1929463727533N12152072WA0022000220003024150200020-10
B1929473727530N12152068WA0021900220004027130202019-10
B1929483727528N12152064WA0021600219003028121202019-17
B1929493727526N12152057WA0021500217003037111203019-12
B1929503727524N12152050WA0021600216003039105204019011
B1929513727524N12152042WA0021500215003039100204019014
B1929523727523N12152034WA0021500214003035095207019-14
B1929533727522N12152028WA0021400213003032098207019-16
B1929543727522N12152023WA0021100211003031102208019-16
B1929553727520N12152017WA0021000210003031111208019-15
B1929563727518N12152012WA0020800208003033123208019-15
B1929573727515N12152007WA0020800206003033134209019003
B1929583727511N12152003WA0020800205003033136211018013
B1929593727507N12151999WA0020800204003032137212018001
B1930003727504N12151998WA0020800203003021156212018-04
B1930013727501N12151998WA0020800202003018174212018-06
B1930023727499N12152000WA0020700200003019204212018-06
B1930033727496N12152002WA0020600199003022219212017-13
B1930043727495N12152007WA0020300199003023254212017-13
B1930053727497N12152013WA0020000198003030282211017-06
B1930063727499N12152018WA0020000197003031294209016003
B1930073727506N12152021WA0020000197003031329209016000
B1930083727511N12152021WA0020000196003029347211016-11
B1930093727516N12152022WA0019800196003026349212016-17
B1930103727520N12152023WA0019700195003027348216015-09
B1930113727524N12152025WA0019500194003025340217015-07
B1930123727525N12152028WA0019300194003014315221015-19
B1930133727522N12152031WA0019100192003013207222015-22
B1930143727518N12152031WA0018800190003023179221015-03
B1930153727514N12152031WA0018900189003026171222015-09
B1930163727510N12152030WA0018800189003022174222015002
B1930173727507N12152030WA0018800188003018183222015004
B1930183727504N12152030WA0018900188003017186221015007
B1930193727502N12152030WA0018900188003016170221015004
B1930203727499N12152029WA0018800187003016151222016-06
B1930213727497N12152028WA0018500186003016150221016-31
B1930223727495N12152027WA0018200185003018156220016-31
B1930233727493N12152026WA0018000184003016166219016-11
B1930243727490N12152027WA0017800183003017191218016-10
B1930253727487N12152029WA0017900182003019194219017-07
B1930263727484N12152030WA0017700182003018189219017-04
B1930273727482N12152031WA0017500181003017202218016-08
B1930283727480N12152033WA0017400180003014218218016-05
B1930293727479N12152035WA0017400179003010226219017-04
B1930303727478N12152036WA0017500179003008247218017005
B1930313727478N12152037WA0017400178003004247218017004
B1930323727478N12152038WA0017500177003000247218017006
B1930333727478N12152038WA0017400176003000247218018002
B1930343727479N12152038WA0017500176003000247216019003
B1930353727479N12152038WA0017500176003000247217019003
B1930363727479N12152038WA0017500175003000247216020004
B1930373727480N12152038WA0017400174003000247216020002
B1930383727480N12152037WA0017400175003000247216021-01
B1930393727480N12152037WA0017500174003000247216021002
B1930403727480N12152037WA0017400174003000247216021002
B1930413727480N12152037WA0017500174003000247216021002
B1930423727480N12152037WA0017400174003000247216021001
B1930433727480N12152037WA0017500174003000247216021001
B1930443727480N12152037WA0017500174003000247216021000
B1930453727480N12152037WA0017500174003000247216021000
B1930463727480N12152037WA0017500174003000247216021001
B1930473727480N12152037WA0017500174003000247216021-01
B1930483727480N12152037WA0017500174003000247216021000
B1930493727480N12152037WA0017500174003000247216021000
B1930503727480N12152037WA0017500174003000247216021-01
